ticker,price,pct_from_hi,pct_above_lo,ret_1y,rs_vs_spy,vol_ratio,all_pass,atr_ratio,range5_pct,ret_6m,ret_15d,contracting_pbs,vol_dry_up,atr_compression,tight_range,hh_hl_count,hh_hl_pct,hh_hl_orderly,candle_quality,abr21_pct,candle_orderly,atr50ma_ext,not_extended_50ma,ret_5d,compression_1w,tightness_score,support_score,avg_close_in_range,close_in_upper_range,up_down_vol_ratio,accumulation_support,distribution_days,quiet_pullback_weeks,quiet_pullback,recent_expansion,post_expansion_tight,base_length,base_depth_pct,base_tightness_pct,base_close_position,pivot_age,breakout_ready,leadership_score,entry_score,sepa_vcp_score,power_play_score,pct_to_pivot,pivot,adv_usd,rs_pct_rank,rs_top_20,qm_breakout_vendor_score,qm_breakout_score,qm_breakout_entry_price,qm_breakout_stop_price,qm_breakout_stop_loss_pct,qm_episodic_pivot_vendor_score,qm_episodic_pivot_score,qm_episodic_pivot_entry_price,qm_episodic_pivot_stop_price,qm_episodic_pivot_stop_loss_pct,sepa_vcp_qualifies,power_play_qualifies,qm_breakout_qualifies,qm_episodic_pivot_qualifies,qualified_count,also_fits,primary_setup,primary_setup_score,setup_score,primary_setup_valid,best_family_excess,best_family_pct,market_regime,regime_score,regime_eligible
AAL,15.109999656677246,-16.749311436620275,48.42828294410681,22.646104147430623,2.574588870764071,0.11779626628252031,True,1.049653701662506,7.544674845965184,2.1636220125055727,-15.680805846278979,False,True,False,True,28,46.666666666666664,True,0.46129149513429046,1.8588103474122424,True,0.05909927386577914,True,-3.5737103821963934,True,2,0,0.38339951192194677,False,0.8935080236917076,False,4,0,False,False,False,25.0,20.48962824670513,16.14824378440699,0.04415584865961741,12.0,False,2,1,3,3,-19.584891322751798,18.790000915527344,2518707191.4988313,54.109589041095894,False,0.0,0,,,,0.0,0,,,,False,False,False,False,0,,none,0,0,False,-3,0.375,risk_on,6,False
AAON,106.09249877929688,-28.3869139697819,47.81356243526533,41.38006691117666,21.30855163451011,0.11651994614964992,False,0.9053095529752873,13.723878083291552,15.871064722616168,-15.605361902829639,False,True,False,False,19,31.666666666666664,False,0.3849206706290026,2.4417267625642087,False,-3.0151930265561933,True,-6.0546369497933465,False,0,0,0.5261331150873066,False,0.8371164687825924,False,5,2,True,False,False,25.0,27.18953321434961,15.552466187383123,0.11181968387864548,20.0,False,1,2,2,2,-24.149208205513105,139.8699951171875,113297414.68941116,70.54794520547945,False,0.0,0,,,,0.0,0,,,,False,False,False,False,0,,none,0,0,False,-4,0.25,risk_on,6,False
ACA,144.72999572753906,-0.412784507902908,73.3035414033128,63.862723997680185,43.79120872101363,0.08075194756774788,True,0.22844648377784588,0.4801990506087227,28.2707171707111,0.1105593405491545,True,True,True,True,23,38.333333333333336,False,0.4027413732776325,0.20240763945238074,False,15.531430656510505,False,-0.20685586036193193,True,3,0,0.31414120332927414,False,0.9485404516060012,False,3,1,False,False,False,35.0,17.536754289314793,0.7943073102570556,0.9169376326555412,20.0,True,5,2,7,4,-1.456644326808576,146.86935992673187,152941579.55587006,82.1917808219178,True,0.0,0,,,,0.0,0,,,,True,False,False,False,1,,sepa_vcp,7,7,True,1,0.875,risk_on,6,False
ADP,251.3800048828125,-16.908149794555673,34.1634731009991,-14.135654120925079,-34.20716939759163,0.10716067041424723,False,1.1627997527253982,6.301215701413826,0.10975075379584531,11.739344587636946,False,True,False,True,24,40.0,True,0.46541555395896306,1.1804967143233471,True,3.164043357073952,True,2.0045456875779744,True,2,2,0.6093251848808363,True,1.987016996952552,True,3,2,True,False,False,25.0,18.18146835204142,10.390641502837122,0.7909915002336513,2.0,False,2,4,3,5,-3.8000814238095315,261.30999755859375,605001311.210878,21.91780821917808,False,0.0,0,,,,0.0,0,,,,False,False,False,False,0,,none,0,0,False,-1,0.625,risk_on,6,False
ADT,6.894999980926514,-20.23979586489618,9.444440828219204,-15.727019863551073,-35.79853514021762,0.0914318153412708,False,1.1563120742191404,7.179120576730222,-12.144748669931193,6.076922783484817,True,True,False,True,21,35.0,False,0.39512963999238915,1.0994044697394947,False,0.861280248728011,True,2.451708192948021,True,2,2,0.48009375498332807,False,2.233990349651365,True,1,2,True,False,False,25.0,13.752596323905228,9.499640487603513,0.6582914283879507,2.0,False,1,4,4,6,-4.699380045798773,7.235000133514404,54310708.31781836,19.863013698630137,False,0.0,0,,,,0.0,0,,,,False,True,False,False,1,,power_play,6,6,True,0,0.75,risk_on,6,False
AFG,140.5800018310547,-1.3170929995292457,20.941757342399335,17.664222930641582,-2.4072923460249704,0.07293789509044454,False,1.007546512052754,4.609482786972524,9.454913272341624,1.1237039103802804,False,True,False,True,28,46.666666666666664,True,0.41053596806191284,0.8118939568434254,False,2.02012533474835,True,0.22101150756672627,True,2,2,0.49076624865158863,False,1.9914627620604783,True,2,1,False,False,False,65.0,15.221436159122224,4.609482786972524,0.8313098266454337,10.0,True,4,5,5,7,-2.5677067043877955,144.2848126385891,64835156.20010529,47.94520547945205,False,0.0,0,,,,0.0,0,,,,False,True,False,False,1,,power_play,7,7,True,1,0.875,risk_on,6,False
AFL,122.66000366210938,-1.6516978338930621,27.71600708403048,23.889073786289416,3.817558509622863,0.13080705604436213,False,0.9615411943107578,4.386105570515234,13.445211410559077,2.148569113685217,False,True,False,True,29,48.333333333333336,True,0.4008630373444192,0.6775644010840202,False,2.253122306366211,True,0.4997956535018444,True,2,1,0.44675746165197616,False,1.793458314325192,True,3,1,False,False,False,65.0,13.455373373143262,4.386105570515234,0.8070155356074477,2.0,True,4,3,2,6,-2.59667802361786,125.93000030517578,244204711.36380082,55.47945205479452,False,0.0,0,,,,0.0,0,,,,False,True,False,False,1,,power_play,6,6,True,0,0.75,risk_on,6,False
ALGN,176.22000122070312,-14.94763302078801,41.111471089402166,-6.771771644501379,-26.84328692116793,0.20334591123594442,False,1.0594315671306855,6.577012550444835,6.445181499398367,1.6087232097954596,False,True,False,True,19,31.666666666666664,False,0.45664039639285614,1.96130154339922,True,0.5644378163550483,True,-1.255186265209307,True,2,1,0.40414759980088333,False,1.2625595620289953,True,4,3,True,False,False,45.0,20.62627592703715,6.843725305777576,0.6255394712223262,10.0,False,0,4,4,4,-7.723726190352531,190.97000122070312,178189250.504673,28.767123287671232,False,0.0,0,,,,0.0,0,,,,False,False,False,False,0,,none,0,0,False,-2,0.5,risk_on,6,False
ALNY,276.4700012207031,-43.717682396143665,3.3648633338037914,-13.743288812820275,-33.81480408948683,0.0963258549664685,False,1.42677639027903,7.353426049871685,-22.23722269008078,-5.808799547268507,False,True,False,True,19,31.666666666666664,False,0.5117272622757082,2.8379282909923935,True,-1.000098688638977,True,-1.7030535371570954,True,2,0,0.4404777338056382,False,0.3944977557158398,False,4,2,True,False,False,25.0,29.928950259560033,41.136474295284806,0.08968619732444613,8.0,False,0,2,2,4,-27.244736520867598,380.0,452652551.47195894,22.602739726027394,False,0.0,0,,,,0.0,0,,,,False,False,False,False,0,,none,0,0,False,-2,0.5,risk_on,6,False
ARR,16.545000076293945,-5.967906130347322,35.47023904064523,20.446634571058198,0.37511929439164504,0.14489223391471595,False,1.1054829851414243,7.434267371196326,-3.130727444338677,-3.2273521238542435,False,True,False,True,24,40.0,True,0.5052028153515778,0.9712193459504951,True,-0.3260731977504884,True,-1.9265011663995968,True,2,0,0.32988999832921106,False,1.1784995399885807,False,4,2,True,False,False,45.0,10.961280951204234,7.434267371196326,0.4531369269218894,4.0,False,2,2,2,5,-5.994319785848101,17.600000381469727,73749675.30451794,52.054794520547944,False,0.0,0,,,,0.0,0,,,,False,False,False,False,0,,none,0,0,False,-1,0.625,risk_on,6,False
ASTS,62.7400016784668,-52.85896505761285,69.98104020004683,10.711141178133655,-9.360374098532898,0.3682655349618351,False,0.6775106476742024,27.17563749797454,-44.201351550875934,-27.69389869109761,False,True,False,False,21,35.0,False,0.5354397339541839,4.952609779938096,True,-3.4951126334878437,True,-8.834638249518456,False,0,0,0.40062610830844514,False,0.648976494810699,False,7,2,True,False,False,,,,,,False,0,2,2,2,,,1331686759.924397,42.465753424657535,False,0.0,0,,,,0.0,0,,,,False,False,False,False,0,,none,0,0,False,-4,0.25,risk_on,6,False
ATI,191.5,-6.168845393601108,168.43287052187458,106.29106562824279,86.21955035157623,0.16257097724458866,True,1.0706611687341239,8.882503658922161,55.3374447568211,-3.1409673273920413,False,True,False,False,29,48.333333333333336,True,0.3598666160877303,1.351783804020124,False,1.2323363090071986,True,1.0874142377774287,True,1,0,0.5466329583534285,False,0.6834462599951863,False,6,1,False,False,False,45.0,28.72242069160494,9.39947780678851,0.7658131715665396,20.0,False,7,2,4,6,-6.7264126066985614,205.30999755859375,302495798.8996773,92.46575342465754,True,0.0,0,,,,0.0,0,,,,False,True,False,False,1,,power_play,6,6,True,0,0.75,risk_on,6,False
AUR,6.235000133514404,-25.77380456351346,65.38461976283865,1.0534855172886992,-19.018029759377853,0.23915276390387838,False,0.9111762479350601,9.623093693413827,38.86415259129681,-5.815706324776815,False,True,False,False,22,36.666666666666664,False,0.40323775979633925,2.652952731471045,False,-1.084510259460279,True,1.7128877179974245,True,1,1,0.5906028003198069,False,1.5762445409703782,True,3,2,True,False,False,25.0,25.195820715200973,13.632716702982004,0.26165811365674096,13.0,False,1,3,2,3,-18.603129794828043,7.659999847412109,144218952.583997,35.61643835616438,False,0.0,0,,,,0.0,0,,,,False,False,False,False,0,,none,0,0,False,-3,0.375,risk_on,6,False
BDC,101.41999816894531,-32.73781285039446,1.909165584775252,-20.40637092858182,-40.47788620524837,0.08938577586206897,False,1.0052043759518265,7.582333445319386,-11.703760639229898,-14.528910299257946,False,True,False,True,15,25.0,False,0.35624769714149773,1.4833159255111255,False,-1.881332647059881,True,-3.1882435081872162,True,2,0,0.45556202691757647,False,0.5372420335359743,False,7,1,False,False,False,25.0,23.72353420074548,12.255965815015992,0.1122046800634982,21.0,False,0,1,3,3,-21.061642635775378,128.47999572753906,64023830.37858963,15.753424657534246,False,0.0,0,,,,0.0,0,,,,False,False,False,False,0,,none,0,0,False,-3,0.375,risk_on,6,False
BEKE,16.670000076293945,-16.608565390175134,16.90041941605973,-10.827231530451032,-30.898746807117583,0.2347355043766379,False,0.9059807054520307,6.358725021542055,-3.586051999154982,14.570445757856776,False,True,False,True,27,45.0,True,0.41966123910103664,0.9451291743161737,False,0.4447170864457787,True,3.5403706914209687,True,2,1,0.33766291489180045,False,2.5257404787543196,True,4,2,True,False,False,25.0,21.867038100572042,15.89681827475683,0.7399742643566274,3.0,False,2,3,3,4,-5.685992668442907,17.674999237060547,58319358.80290508,25.34246575342466,False,0.0,0,,,,0.0,0,,,,False,False,False,False,0,,none,0,0,False,-2,0.5,risk_on,6,False
BIIB,201.32000732421875,-7.067348572916199,64.10173363500162,64.10173363500162,44.03021835833507,0.054127969736929064,True,1.3207271655264619,14.78243265653598,21.731770093291015,-7.067348572916199,False,True,False,False,26,43.333333333333336,True,0.4709165288485883,2.0968651853137685,True,0.22440671944695165,True,4.8814850351381445,True,1,0,0.5321155309392362,False,0.975529457191848,False,4,2,True,False,False,65.0,20.0391400576545,14.78243265653598,0.5821032385507096,15.0,False,4,2,3,4,-8.374291732322558,219.72000122070312,308183810.8871765,83.56164383561644,True,0.0,0,,,,0.0,0,,,,False,False,False,False,0,,none,0,0,False,-2,0.5,risk_on,6,False
BKD,14.984999656677246,-10.64401164199169,110.16829475678432,93.60465245223682,73.53313717557026,0.05694012688800804,True,1.1686966525630966,12.012013560058985,23.842968464907543,-5.517024079074395,False,True,False,False,27,45.0,True,0.4154437842511193,1.90764107232018,False,1.6630166007746083,True,5.602537701220078,False,0,1,0.507197260511105,False,1.3596400328180105,True,5,1,False,False,False,35.0,28.20355351574884,13.079746967318787,0.7119565273728404,14.0,False,5,3,4,4,-8.123849495102231,16.309999465942383,82933347.073656,90.41095890410958,True,0.0,0,,,,0.0,0,,,,False,False,False,False,0,,none,0,0,False,-2,0.5,risk_on,6,False
BNTX,92.28500366210938,-22.670515758337807,10.007157388889954,-15.264897108605979,-35.33641238527253,0.3110503003458528,False,0.9227235329031317,4.5619536407963635,-12.575780791502723,-2.095266740251822,True,True,False,True,23,38.333333333333336,False,0.37625853215744764,0.9992897427543705,False,0.40676168723504996,True,2.0851793190411083,True,2,0,0.4791566498853436,False,1.15315108729924,False,3,0,False,False,False,35.0,14.021856158151538,6.799589615723571,0.5290511794590534,12.0,False,0,1,3,4,-6.60357661947627,98.80999755859375,73080083.1361229,20.54794520547945,False,0.0,0,,,,0.0,0,,,,False,False,False,False,0,,none,0,0,False,-2,0.5,risk_on,6,False
BPOP,170.09500122070312,-2.1655351296624104,58.40424084455955,51.39316570776214,31.321650431095584,0.2648222725009391,True,1.082220395431571,4.027164851615802,37.5790334431821,3.181677235664737,False,True,False,True,26,43.333333333333336,True,0.44465088198927055,0.8861337160315942,True,3.3501804174558094,True,0.6479297163923814,True,2,0,0.5456570542407713,False,1.1062514606773728,False,4,1,False,False,False,45.0,18.909662396006738,6.490495585227192,0.8608978620579281,3.0,True,7,3,4,6,-2.630374467047336,174.69000244140625,92685151.43312073,73.97260273972603,False,0.0,0,,,,0.0,0,,,,False,True,False,False,1,,power_play,6,6,True,0,0.75,risk_on,6,False
BR,146.4199981689453,-44.009877032474435,8.106907508576878,-38.17969580572262,-58.251211082389176,0.05933530153139621,False,1.0141175422844257,6.061330495141562,-29.174974429043232,8.106907508576878,False,True,False,True,26,43.333333333333336,True,0.4475986672145021,1.39877198367342,True,0.09166522077960437,True,0.27393088945404376,True,2,2,0.45802516807150556,False,2.195705211688716,True,1,1,False,False,False,25.0,13.730421183089724,7.574109913513033,0.5910795555896232,2.0,False,2,3,4,5,-5.6146499321307,155.1300048828125,193575411.29248506,8.21917808219178,False,0.0,0,,,,0.0,0,,,,False,False,False,False,0,,none,0,0,False,-1,0.625,risk_on,6,False
CAH,226.19000244140625,-5.640150137161049,56.49299831668226,44.11803852075793,24.046523244091375,0.07238918670137683,True,1.0218696960885543,4.4873751213269015,8.015341461184189,-4.037601940224067,False,True,False,True,25,41.66666666666667,True,0.41727272116171027,0.9651143944873831,False,2.0595190515849877,True,-1.703532292619958,True,2,0,0.3421719717167687,False,0.6129378652020565,False,3,3,True,False,False,35.0,20.406807524138728,7.887172795142444,0.6570718340482006,10.0,False,4,3,4,5,-6.998069077184277,243.2100067138672,536924261.3065522,71.23287671232876,False,0.0,0,,,,0.0,0,,,,False,False,False,False,0,,none,0,0,False,-1,0.625,risk_on,6,False
CG,44.779998779296875,-34.09412382153212,10.51332249113286,-23.07063481624827,-43.14215009291482,0.05525986471712465,False,0.9112033552628969,7.838317144296083,-26.548108866005393,10.51332249113286,True,True,False,True,25,41.66666666666667,True,0.39861090946137634,1.5251148976078706,False,-0.12257126110958018,True,-1.5391397756927772,True,2,0,0.4472619552581,False,0.7339819585752025,False,6,2,True,False,False,25.0,17.551531375032006,12.349260674508008,0.6144721373254765,4.0,False,2,3,5,4,-6.766604377680929,48.029998779296875,153764635.80704576,13.698630136986301,False,0.0,0,,,,0.0,0,,,,False,False,False,False,0,,none,0,0,False,-1,0.625,risk_on,6,False
CHE,500.70001220703125,-2.5268612081106645,36.02773792404157,12.012041391155615,-8.059473885510938,0.7136108251213413,False,1.0503665976494458,7.275812220415534,11.661341516009728,8.87149790215702,False,True,False,True,27,45.0,True,0.41012518572389145,1.0558837913697188,False,3.7382770445412494,True,1.7910502950319929,True,2,3,0.6685948173609189,True,2.9200894778409925,True,1,1,False,False,False,25.0,20.612663351036918,9.05132328774571,0.8403300427995303,1.0,False,4,4,4,6,-3.2912230750477556,517.739990234375,79296992.81582642,45.20547945205479,False,0.0,0,,,,0.0,0,,,,False,True,False,False,1,,power_play,6,6,True,0,0.75,risk_on,6,False
CMG,33.525001525878906,-36.48161746637024,18.96735685883373,-36.09416296043783,-56.16567823710438,0.16441109211493302,False,1.1501212087519341,13.601793186410507,-14.038457625951517,1.6833493619262452,False,True,False,False,27,45.0,True,0.5546538648305231,2.168064009331815,True,0.7008764221125963,True,-7.9741936726916425,False,0,1,0.44187314103940023,False,1.3379627927123297,True,3,1,False,False,False,35.0,24.400105688403723,14.55630379121153,0.606077466602428,5.0,False,1,3,3,3,-9.611751447944506,37.09000015258789,636161146.7730716,8.904109589041095,False,0.0,0,,,,0.0,0,,,,False,False,False,False,0,,none,0,0,False,-3,0.375,risk_on,6,False
COKE,181.4199981689453,-16.252962163966124,63.424208856779465,59.26488581378657,39.19337053712002,0.1474682957657468,True,1.021475763496893,4.767938476346564,18.842109313972678,-5.648013667202534,False,True,False,True,26,43.333333333333336,True,0.4073429995633154,1.7690895610903885,False,0.28476680003383986,True,2.4103891727798032,True,2,0,0.4695994541237455,False,1.159606963421643,False,5,1,False,False,False,45.0,18.12944761378278,9.855586519277741,0.497098764286931,13.0,False,3,1,4,4,-9.117321607766716,199.6199951171875,106097133.7544075,80.13698630136986,True,0.0,0,,,,0.0,0,,,,False,False,False,False,0,,none,0,0,False,-2,0.5,risk_on,6,False
CPRI,15.744999885559082,-43.07664507441349,0.0,-18.88201952944205,-38.95353480610861,0.14935238790108965,False,0.9380596927279568,9.653855288264948,-35.60327446114088,-17.131579549689047,False,True,False,False,18,30.0,False,0.45904932373601576,2.14442907267669,True,-3.39775447548163,True,-5.60551800065957,False,0,0,0.28665085627936565,False,1.0806840655052359,False,6,3,True,False,False,25.0,28.883830915244037,22.673869002519652,0.02129340778008575,24.0,False,0,2,2,2,-28.2687957253147,21.950000762939453,55030730.25029902,17.80821917808219,False,0.0,0,,,,0.0,0,,,,False,False,False,False,0,,none,0,0,False,-4,0.25,risk_on,6,False
CPRT,27.084999084472656,-45.79748164334436,0.0,-41.15794090210838,-61.22945617877493,0.13032434769201934,False,0.954143928233298,7.051873405848029,-33.46843602656027,-3.6121042107401635,False,True,False,True,20,33.33333333333333,False,0.49004381958281895,1.8135102256652509,True,-3.7009302204638095,True,-1.5806735685147788,True,2,0,0.371325789466363,False,0.9521849215013916,False,3,3,True,False,False,25.0,13.47083536151755,9.304044832729357,0.05621978130287417,24.0,False,0,2,3,4,-12.713507943526004,31.030000686645508,364766801.077686,7.534246575342466,False,0.0,0,,,,0.0,0,,,,False,False,False,False,0,,none,0,0,False,-2,0.5,risk_on,6,False
CRGY,10.885000228881836,-21.076871386572282,43.20879161139957,34.77353912627426,14.702023849607706,0.15975429178863232,False,0.8487021195499098,8.038585039973716,35.34977369861734,8.85000228881836,False,True,False,False,23,38.333333333333336,False,0.4068961343857602,1.322220541031161,False,-0.9175585394978876,True,8.741258541387076,False,0,2,0.6006161807362866,True,0.9529666094029493,False,2,1,False,False,False,25.0,19.10788108569818,14.101982258241156,0.8082447131577495,24.0,False,3,4,4,4,-3.664037218535665,11.298999786376953,60331841.500504114,67.8082191780822,False,0.0,0,,,,0.0,0,,,,False,False,False,False,0,,none,0,0,False,-2,0.5,risk_on,6,False
CSGP,29.059999465942383,-69.98864100338946,4.985546046069089,-65.8157878653231,-85.88730314198966,0.13791003322345463,False,0.9598752861366345,10.495530627878047,-54.46568535740821,-0.886767502005581,False,True,False,False,21,35.0,False,0.4789592536309223,2.165560622492804,True,-1.6125931801490987,True,4.985546046069089,True,1,1,0.5459695195376829,False,1.376613002473911,True,5,2,True,False,False,25.0,21.71361833418627,14.900206480666697,0.32162144189340913,24.0,False,0,3,2,3,-14.730053096822115,34.08000183105469,193452033.29391614,2.73972602739726,False,0.0,0,,,,0.0,0,,,,False,False,False,False,0,,none,0,0,False,-3,0.375,risk_on,6,False
CSX,49.724998474121094,-2.2892531528784343,56.71347152215045,46.76189802796908,26.69038275130253,0.19112287011815127,True,0.9655586015187899,4.786327081244424,40.922819920210365,3.5721729067811347,False,True,False,True,29,48.333333333333336,True,0.4021471058378374,0.7969816300904333,False,2.8667261950804437,True,-0.3906244029983297,True,2,0,0.5216471594112578,False,0.7801394653425638,False,3,1,False,False,False,65.0,16.846833239498057,6.475618541001955,0.8188809900223836,2.0,False,7,1,3,6,-3.0512817575958917,51.290000915527344,560607082.7970718,73.28767123287672,False,0.0,0,,,,0.0,0,,,,False,True,False,False,1,,power_play,6,6,True,0,0.75,risk_on,6,False
CVX,190.49000549316406,-8.958206379483812,32.59505451722908,32.59505451722908,12.523539240562528,0.134731473190459,True,0.9197999551963131,6.65651336559822,17.432089916219738,13.070578805073897,False,True,False,True,25,41.66666666666667,True,0.4646718574975981,0.8858897957806753,True,2.360005766819895,True,4.803043161403586,True,2,1,0.6344734118339942,True,0.7053552184900572,False,4,1,False,False,False,35.0,14.484406719853737,9.318074170897631,0.921175325704851,27.0,True,5,4,5,5,-1.1417286420509432,192.69000244140625,1488541627.6917825,65.06849315068493,False,0.0,0,,,,0.0,0,,,,False,False,False,False,0,,none,0,0,False,-1,0.625,risk_on,6,False
DDOG,259.87249755859375,-6.348875021005651,153.2500150744021,78.88930261968623,58.81778734301968,0.15738215228336844,True,1.0615548074357108,10.809151357136667,122.11324577657585,4.547004828154,False,True,False,False,30,50.0,True,0.41402063794940364,2.294313980655507,False,1.6905097370901019,True,-4.010458016153473,True,1,2,0.6138965845018429,True,2.079136855691254,True,3,1,False,False,False,25.0,23.118906272988824,10.809151357136667,0.7369468451859451,4.0,False,9,4,6,8,-6.081501230960152,276.70001220703125,1048894283.0954529,87.67123287671232,True,0.0,0,,,,0.0,0,,,,True,True,False,False,2,sepa_vcp,power_play,8,8,True,2,1.0,risk_on,6,True
DFTX,43.61000061035156,-9.98968024019129,416.70619405849567,338.29147182237386,318.2199565457073,0.07084912738407176,True,1.2250265432309984,15.890851199692094,159.89272244225185,-6.315786627056097,False,True,False,False,24,40.0,True,0.44078214336805643,3.4937085398364944,True,3.9379669496356744,True,-5.154412691343612,False,0,2,0.48596241449373334,False,3.331652967318205,True,2,4,True,False,False,,,,,,False,9,4,5,6,,,169845365.83259887,99.31506849315068,True,0.0,0,,,,0.0,0,,,,False,True,False,False,1,,power_play,6,6,True,0,0.75,risk_on,6,True
DGX,206.10000610351562,-4.204255958966674,25.99406995424205,25.99406995424205,5.922554677575498,0.11798381020897179,False,1.0889942300750468,6.501695050777488,9.99767658200701,-2.6815412620878276,False,True,False,True,22,36.666666666666664,False,0.454692249033461,1.121539765341006,True,1.2745470052365309,True,0.04854665219204968,True,2,0,0.38684733510372216,False,0.852173031889364,False,4,2,True,False,False,55.0,15.04105777067479,6.501695050777488,0.6280853015478705,10.0,False,2,3,3,5,-5.593990465181575,218.3123798146586,175250876.80752563,58.21917808219178,False,0.0,0,,,,0.0,0,,,,False,False,False,False,0,,none,0,0,False,-1,0.625,risk_on,6,False
DHI,144.17999267578125,-20.953571816078174,11.153590613248209,11.153590613248209,-8.917924663418344,0.4245676500508647,False,1.0810239569195352,10.556250515928703,-5.327538953657185,-12.20849027179004,False,True,False,False,17,28.333333333333332,False,0.47777482744195265,1.5634263737710614,True,-1.1304550798686326,True,-3.8735999763981677,True,1,0,0.3651275046896643,False,0.4662236050668013,False,7,2,True,False,False,25.0,16.85110364228444,10.556250515928703,0.07539952261937961,17.0,False,0,2,2,3,-15.580538472046502,170.7899932861328,356381892.80035096,43.83561643835616,False,0.0,0,,,,0.0,0,,,,False,False,False,False,0,,none,0,0,False,-3,0.375,risk_on,6,False
EIX,77.22000122070312,-1.0634231884709688,60.00703176125464,60.00703176125464,39.935516484588085,0.15142261765187345,True,1.060532740252833,5.167052318952554,31.998297819286357,3.547141644532048,True,True,False,True,28,46.666666666666664,True,0.46775274760545443,0.9852155244499342,True,2.9966341907088068,True,0.8357265269598235,True,2,2,0.4333278394731998,False,1.3314458961128626,True,2,2,True,False,False,45.0,19.557831936371656,7.226099603018561,0.8297362329697924,2.0,False,7,4,5,7,-3.329990140430339,79.87999725341797,160897289.83218727,81.5068493150685,True,0.0,0,,,,0.0,0,,,,False,True,False,False,1,,power_play,7,7,True,1,0.875,risk_on,6,True
EL,81.62999725341797,-31.274364026211998,21.888476115939447,-3.734351466468011,-23.805866743134565,0.10459835769196506,False,0.8689956243504694,4.520400055816178,-28.182129206436336,2.847416440253636,False,True,False,True,22,36.666666666666664,False,0.4051184460558271,1.3411320497503623,False,-0.6931194540764114,True,0.9522590121868291,True,2,1,0.3915604014165299,False,1.2320946955920404,True,5,3,True,False,False,45.0,18.505683901683735,5.745430564516332,0.39120087938063886,36.0,False,0,3,3,4,-11.26624408580492,91.99429959028626,215069540.7428406,32.87671232876712,False,0.0,0,,,,0.0,0,,,,False,False,False,False,0,,none,0,0,False,-2,0.5,risk_on,6,False
EME,752.7000122070312,-20.202509094972655,34.92312800766286,34.571644383258615,14.500129106592063,0.07146742879668867,False,0.9621089746260357,8.631588899888966,9.553314981225626,-7.52951845190053,False,True,False,False,17,28.333333333333332,False,0.42763549854387817,1.6212702491629778,False,-2.575882139941008,True,-2.7946321471805424,True,1,0,0.4608719991206054,False,0.7972587761899177,False,5,1,False,False,False,25.0,18.125026073245206,10.585661869519948,0.22306536471715027,17.0,False,1,1,2,4,-14.081960521708902,876.0674903402747,382561776.3247833,66.43835616438356,False,0.0,0,,,,0.0,0,,,,False,False,False,False,0,,none,0,0,False,-2,0.5,risk_on,6,False
ENB,55.26499938964844,-4.781187942980402,29.02881851438699,29.02881851438699,8.957303237720438,0.25283736658564937,False,0.9313766754367102,3.854152315103316,20.34445486676322,-0.24368615976915198,False,True,False,True,28,46.666666666666664,True,0.49508533968236823,0.937642190253096,True,-0.27534156196470866,True,-1.1182680386927268,True,2,0,0.437229537573093,False,0.5707251893889557,False,3,3,True,False,False,65.0,12.812700912517435,5.066496458850967,0.5747107411621992,39.0,False,4,2,2,6,-5.449104074794953,58.45000076293945,198260350.79517516,63.013698630136986,False,0.0,0,,,,0.0,0,,,,False,True,False,False,1,,power_play,6,6,True,0,0.75,risk_on,6,False
ENVA,229.46499633789062,-5.2502257504453915,128.18715384732107,102.99451033211287,82.92299505544631,0.09414523251246772,True,1.272112130449526,5.7960923295566005,49.595799759404734,-2.632919709451731,False,True,False,True,28,46.666666666666664,True,0.481562733886675,1.940017375697383,True,3.7232907593309927,True,-0.5094532842816801,True,2,1,0.38668813799311164,False,2.046911801598126,True,4,1,False,False,False,25.0,24.632681726860373,9.79669931636847,0.7212883858218224,13.0,False,6,3,5,5,-6.86541448563055,246.3800048828125,94099081.32284851,91.78082191780823,True,0.0,0,,,,0.0,0,,,,False,False,False,False,0,,none,0,0,False,-1,0.625,risk_on,6,False
EQT,49.380001068115234,-27.102683477832677,1.2520373139470964,-6.689236263163945,-26.760751539830498,0.10863903345980125,False,0.886399250946953,3.9287132133369784,-3.537811791488832,-5.038459484393776,False,True,False,True,15,25.0,False,0.45413238951345086,1.0363659557051725,True,-3.417664404286393,True,-0.8632810546485015,True,2,0,0.41673337621523643,False,0.7569256892170885,False,5,2,True,False,False,25.0,10.79271096130581,8.30296111813116,0.2482761523668211,14.0,False,0,2,3,4,-8.11313821022559,53.7400016784668,385585846.69337845,29.45205479452055,False,0.0,0,,,,0.0,0,,,,False,False,False,False,0,,none,0,0,False,-2,0.5,risk_on,6,False
FE,48.22999954223633,-6.13092544957754,22.174666064065327,22.174666064065327,2.103150787398775,0.09786045132655535,False,1.0917964970275895,3.732115393209238,4.090776091469972,0.3537206909856483,False,True,False,True,25,41.66666666666667,True,0.44261638928197267,0.7481087780549537,True,1.5846220007162677,True,-2.031281757664982,True,2,1,0.4169225983820416,False,1.114579610107586,False,2,1,False,False,False,65.0,12.530139750189417,4.913951802569048,0.7183491113939523,63.0,False,3,3,3,6,-3.5291249949988113,49.99436310672627,183019566.03518027,53.42465753424658,False,0.0,0,,,,0.0,0,,,,False,True,False,False,1,,power_play,6,6,True,0,0.75,risk_on,6,False
FISV,51.15999984741211,-69.17700857674878,8.435776847164856,-69.13237712573734,-89.20389240240388,0.16639181880756498,False,0.9972304110029757,4.378416478597468,-20.66986890667306,4.771652527105985,False,True,False,True,23,38.333333333333336,False,0.48400788224767477,1.7249441543859982,True,-0.668264149434314,True,3.2700825634765174,True,2,1,0.3833035174796239,False,1.0410132109457342,False,2,0,False,False,False,25.0,15.02890101715153,5.648943311704537,0.49519219747661436,10.0,False,1,2,3,5,-7.586706496809736,55.36000061035156,368356206.64169806,2.054794520547945,False,0.0,0,,,,0.0,0,,,,False,False,False,False,0,,none,0,0,False,-1,0.625,risk_on,6,False
FLY,20.665000915527344,-65.75807549624251,23.15256299109536,,,0.22355101717405848,False,0.4778737200947505,20.662948759932704,-31.888593237977638,-28.864022518926745,False,True,True,False,15,25.0,False,0.6009229747233729,4.674005533696074,True,-7.138188808700748,True,-4.106720894965187,True,2,0,0.3176938270022359,False,0.8331692133559706,False,6,2,True,False,False,,,,,,False,0,2,2,3,,,118594977.83914128,,False,0.0,0,,,,0.0,0,,,,False,False,False,False,0,,none,0,0,False,-3,0.375,risk_on,6,False
FORM,111.12000274658203,-30.519597426699995,302.3171591969662,211.9595903387702,191.88807506210364,0.07396850340235037,False,0.965015021008748,21.877247082178915,39.94962293591973,-22.924322565110742,False,True,False,False,24,40.0,True,0.530287457335192,4.602402757035606,True,-1.5308319792346436,True,-4.478637498896543,True,1,0,0.500832971489902,False,0.3181864964212631,False,7,2,True,False,False,25.0,39.30242953390099,23.641111971866817,0.2197174592846659,14.0,False,5,2,2,2,-30.666999572997643,160.27000427246094,254358566.42632675,97.94520547945206,True,0.0,0,,,,0.0,0,,,,False,False,False,False,0,,none,0,0,False,-4,0.25,risk_on,6,False
FOX,51.45000076293945,-23.66218309947642,15.90448630404211,1.79796431378898,-18.27355096287757,0.0757193293692854,False,0.7577293991455882,6.520893085492443,-20.591794536049335,12.557431182309141,False,True,False,True,29,48.333333333333336,True,0.5369882987385267,1.8624919304101366,True,-1.4735726669531606,True,3.939395480685759,True,2,2,0.5284443877178283,False,1.8171059130196185,True,2,3,True,False,False,25.0,16.680837637020495,10.485909383406282,0.8351276465146839,1.0,True,2,5,5,5,-2.750208959322009,52.904998779296875,88338864.16533661,36.986301369863014,False,0.0,0,,,,0.0,0,,,,False,False,False,False,0,,none,0,0,False,-1,0.625,risk_on,6,False
FR,68.02999877929688,-1.2053468250041166,47.784470497684616,40.998316431498914,20.92680115483236,0.05424326956165206,True,1.089423440284692,7.526084387856309,17.564714083942977,8.207412016982229,False,True,False,True,25,41.66666666666667,True,0.400223143318348,0.9234495913760256,False,3.711667548197407,True,5.065635180381278,False,1,1,0.5067842517392848,False,2.901050424072983,True,4,1,False,False,False,35.0,16.079543235825938,8.77553654730135,0.8353564266808104,2.0,True,6,3,4,5,-2.647393455686786,69.87999725341797,85035991.4985321,69.86301369863014,False,0.0,0,,,,0.0,0,,,,False,False,False,False,0,,none,0,0,False,-1,0.625,risk_on,6,False
G,30.395000457763672,-36.655792979280896,10.527274391867891,-31.30538584938023,-51.37690112604678,0.0740267377425253,False,0.867635847336876,6.448432183920741,-31.347616736848128,9.138240723283019,True,True,False,True,22,36.666666666666664,False,0.4005209993910958,1.419268088342205,False,-0.13070893973081543,True,2.964092094957538,True,2,1,0.531884389418427,False,1.5473167993634913,True,3,1,False,False,False,25.0,16.563082265877995,11.284751615457436,0.6651032133278224,24.0,False,1,3,5,4,-5.546923028229466,32.18000030517578,67990058.97968979,9.58904109589041,False,0.0,0,,,,0.0,0,,,,False,False,False,False,0,,none,0,0,False,-1,0.625,risk_on,6,False
GEO,30.575300216674805,-0.0807194917875842,130.58295391336583,26.815841736426105,6.744326459759552,0.1243101959606577,True,1.1096186632889613,8.107527618230593,72.25521248830876,3.785815230354106,False,True,False,False,28,46.666666666666664,True,0.4632724804642513,1.8801412268237603,True,3.2744454465467294,True,2.670582645036479,True,1,1,0.525651137225849,False,1.2681491881326226,True,4,2,True,False,False,25.0,14.542637314907338,9.742834537399666,0.6429211956024435,11.0,False,8,4,4,6,-5.192867545194401,32.25,59501346.40094566,59.589041095890416,False,0.0,0,,,,0.0,0,,,,False,True,False,False,1,,power_play,6,6,True,0,0.75,risk_on,6,True
GEV,1089.5050048828125,-7.2651193787324875,99.19773877766644,92.95985606530506,72.88834078863852,0.39178241223496696,True,1.2065613613205808,14.5928646056542,59.26187506011205,-1.179581570019228,False,True,False,False,25,41.66666666666667,True,0.3293066971758567,1.783664631870244,False,0.836456564057463,True,2.2040126173255237,True,1,0,0.4639690043334874,False,0.5737591685484891,False,7,1,False,False,False,35.0,28.460215393263322,14.5928646056542,0.6872936845359937,11.0,False,7,2,4,5,-8.899689092939367,1195.93994140625,2956958910.7620974,89.72602739726028,True,0.0,0,,,,0.0,0,,,,False,False,False,False,0,,none,0,0,False,-1,0.625,risk_on,6,False
GIS,37.349998474121094,-22.61781582760104,18.11167345030329,-19.329305680585485,-39.40082095725204,0.11819397233239148,False,1.3537843893300192,10.066940535046294,-13.075688091313209,4.443434852766437,False,True,False,False,24,40.0,True,0.44658893037538716,1.4926951353309097,True,2.141859729035247,True,2.4410296544068233,True,1,1,0.4663235265324109,False,2.081931148525533,True,4,3,True,True,True,25.0,17.852694495682627,12.513721609747755,0.6870803958177343,2.0,False,2,3,2,4,-5.586458095175917,39.560001373291016,409866445.44380647,16.43835616438356,False,0.0,0,,,,0.0,0,,,,False,False,False,False,0,,none,0,0,False,-2,0.5,risk_on,6,False
GLW,160.68499755859375,-37.15632366368481,201.37571067891477,201.37571067891477,181.3041954022482,0.216781316698977,False,0.9964867259024197,24.974332073645584,74.17266902179405,-37.15632366368481,False,True,False,False,26,43.333333333333336,True,0.43351155288920284,3.922372978074231,False,-1.879643034219955,True,-14.365274951360785,False,0,0,0.38500331153891765,False,0.7596835900823933,False,5,2,True,False,False,,,,,,False,6,2,2,2,,,3277099636.135971,97.26027397260275,True,0.0,0,,,,0.0,0,,,,False,False,False,False,0,,none,0,0,False,-4,0.25,risk_on,6,False
GPI,311.6099853515625,-35.87896245458596,8.726440584587314,-23.922675705790386,-43.99419098245694,0.06437124415757846,False,1.0863885444983423,13.090083906939649,-21.622130931293103,4.6197679926401225,False,True,False,False,25,41.66666666666667,True,0.46214163689238275,2.042494733662702,True,-0.21492750356515328,True,4.154687138204305,True,1,1,0.6052971828949526,True,0.6007244998719965,False,4,3,True,False,False,25.0,17.9117629107307,15.865987858388872,0.5338256569172433,2.0,False,2,3,2,4,-8.350004308363967,340.0,66468436.27496185,13.013698630136986,False,0.0,0,,,,0.0,0,,,,False,False,False,False,0,,none,0,0,False,-2,0.5,risk_on,6,False
HIW,32.88999938964844,-1.5564216107111117,63.01550231649895,16.33935503083894,-3.732160245827611,0.06823659862214386,False,1.0156622444345518,5.047126415984568,26.672171225067885,8.979453469415311,False,True,False,True,33,55.00000000000001,True,0.4369399988137439,1.1000234052856617,False,5.181151136519297,False,2.4929860805751103,True,2,1,0.4034960434761549,False,2.848015137112829,True,4,2,True,False,False,25.0,16.02715505899438,8.726059265713097,0.8176792591478964,2.0,True,4,3,3,4,-2.9220827841073937,33.880001068115234,65963240.70174332,46.57534246575342,False,0.0,0,,,,0.0,0,,,,False,False,False,False,0,,none,0,0,False,-2,0.5,risk_on,6,False
HLI,140.58999633789062,-31.978369701162602,6.0896406619771914,-26.65387300844064,-46.725388285107194,0.04332849871229961,False,1.0481121909158053,4.99324593165877,-25.15164505507833,5.770386905359803,True,True,False,True,20,33.33333333333333,False,0.4510640645888345,1.583083507234563,True,-0.24058529623418676,True,2.6729013787179623,True,2,2,0.5525101790481897,False,1.9162431893687708,True,2,0,False,False,False,25.0,10.121012770632623,9.403230361376846,0.6705159170303413,22.0,False,1,4,5,6,-3.334712611456092,145.44000244140625,121026630.58403549,10.95890410958904,False,0.0,0,,,,0.0,0,,,,False,True,False,False,1,,power_play,6,6,True,0,0.75,risk_on,6,False
HQY,98.65499877929688,-6.434942626144046,34.756180867404126,1.622370126221373,-18.44914515044518,0.06923191679809045,False,0.9781680816379407,7.0143411429421665,17.44642711821056,12.350531285992217,False,True,False,True,27,45.0,True,0.44600383611952776,1.469365414909371,True,3.1827906322789894,True,4.396824105076069,True,2,3,0.6425225419058747,True,2.8561561883523456,True,2,1,False,False,False,45.0,19.040000915527344,8.169882579011466,0.9293591829816426,2.0,True,3,5,5,6,-1.3450012207031237,100.0,82946497.90313569,36.3013698630137,False,0.0,0,,,,0.0,0,,,,False,True,False,False,1,,power_play,6,6,True,0,0.75,risk_on,6,False
HTFL,25.280000686645508,-36.65747736582679,23.37726192793388,,,0.04693051782722687,False,0.8607119070041084,15.961233140091055,-26.060246557316468,-27.460540047317572,False,True,False,False,22,36.666666666666664,False,0.46895684010563154,3.7628726659293696,True,-2.3480030103611647,True,-0.8238489068587596,True,1,0,0.4078503561693821,False,1.079753291406326,False,5,3,True,False,False,25.0,33.97882611790049,16.930382003140032,0.09767524573202276,16.0,False,0,2,3,2,-30.659935927148886,36.45800018310547,63269291.56049137,,False,0.0,0,,,,0.0,0,,,,False,False,False,False,0,,none,0,0,False,-3,0.375,risk_on,6,False
HXL,108.58000183105469,0.0,84.0226814536007,82.2779443822804,62.20642910561384,0.19836217438025716,True,0.9925601392784587,9.32031918946573,34.14606972452159,9.798768835284854,False,True,False,False,24,40.0,True,0.33503923662930124,0.995192418349377,False,4.348042534415005,False,6.576369020673423,False,0,2,0.666043621745927,True,1.7769565693031397,True,5,0,False,False,False,35.0,20.87449666897926,11.033342378805546,0.9675723981741609,0.0,True,9,3,5,5,-0.6769098662964601,109.31999969482422,101408055.58683547,88.35616438356165,True,0.0,0,,,,0.0,0,,,,False,False,False,False,0,,none,0,0,False,-1,0.625,risk_on,6,False
IAU,76.5199966430664,-24.662797210812936,24.18045759405516,19.394602926240225,-0.6769123504263277,0.19964698829760064,False,0.9065545590999502,2.875061480339901,-14.550537090613346,1.310734648179146,True,True,False,True,22,36.666666666666664,False,0.33369563489391635,0.444241219830994,False,-2.950310588656503,True,0.32778289104951064,True,2,0,0.5321614947516636,False,1.0581016857805108,False,3,1,False,False,False,25.0,9.66019288479346,4.247255805773075,0.2613058342830141,22.0,False,1,1,4,5,-7.135928123697665,82.4000015258789,401782110.6294098,50.68493150684932,False,0.0,0,,,,0.0,0,,,,False,False,False,False,0,,none,0,0,False,-1,0.625,risk_on,6,False
IEX,220.0399932861328,-3.895882759508207,41.75770800737819,23.444416870708974,3.372901594042421,0.20480872279949677,True,1.040809602877029,5.77167666594478,14.612825457017387,-2.301287460833912,False,True,False,True,25,41.66666666666667,True,0.36955701240647804,0.8373950260184374,False,0.5348985783993572,True,-1.2121810812804834,True,2,0,0.43655106992553316,False,0.9689761413938028,False,6,2,True,False,False,65.0,13.381155938012732,7.357754469821902,0.6239210488705856,2.0,False,4,2,3,5,-5.032371090066967,231.6999969482422,137791038.63562623,54.794520547945204,False,0.0,0,,,,0.0,0,,,,False,False,False,False,0,,none,0,0,False,-1,0.625,risk_on,6,False
INGR,101.7249984741211,-21.83380362146483,8.344870737464817,-21.205223965272214,-41.27673924193877,0.08479660079448886,False,0.9726462980318862,6.193163447395877,-10.108898405983958,7.549962261965448,False,True,False,True,17,28.333333333333332,False,0.40204079800298004,0.9897522487372353,False,0.7550050658074813,True,3.589614700025723,True,2,2,0.6067518385199813,True,1.0041343444020143,False,1,2,True,False,False,45.0,10.228132651142547,8.208403636639364,0.7596121930366788,37.0,True,1,6,5,6,-2.4587183773380983,104.28917560017705,72488101.22821578,15.068493150684931,False,0.0,0,,,,0.0,0,,,,False,True,False,False,1,,power_play,6,6,True,0,0.75,risk_on,6,False
IOVA,5.289999961853027,-2.218112549790263,192.26520050212795,112.4497968510938,92.37828157442723,0.49354801538577747,True,1.1960230409027786,31.379964041610485,116.80327204086885,25.653204606178946,False,True,False,False,25,41.66666666666667,True,0.4412580764623763,4.1393788334725565,True,2.9270953114472014,True,34.605594707228974,False,0,1,0.4634844199964906,False,1.3378042218702249,True,3,1,False,True,False,25.0,30.627307425533346,31.379964041610485,0.9216866820968482,0.0,True,10,3,4,5,-2.3985260629333593,5.420000076293945,74205656.09501824,94.52054794520548,True,0.0,0,,,,0.0,0,,,,False,False,False,False,0,,none,0,0,False,-1,0.625,risk_on,6,False
IRTC,110.7300033569336,-41.49009069646837,8.782790412611652,-18.292503050462884,-38.364018327129436,0.05250669914738124,False,0.9876076348997237,10.99972901284402,-33.13405840835725,-6.493831220163249,False,True,False,False,23,38.333333333333336,False,0.34980475439363673,1.8532205877882943,False,-0.6066017378014172,True,-1.6170587698582817,True,1,2,0.5280597874489965,False,2.2625646096332015,True,2,2,True,False,False,25.0,22.36045796808001,16.38218986698203,0.3403113593767033,10.0,False,0,4,4,4,-14.750940120677058,129.88999938964844,71144795.86196633,18.493150684931507,False,0.0,0,,,,0.0,0,,,,False,False,False,False,0,,none,0,0,False,-2,0.5,risk_on,6,False
KVUE,18.899999618530273,-13.402036358577107,38.84564547952123,-10.623693106058074,-30.695208382724626,0.16077901206440562,False,1.1839554631826597,4.126987843326545,9.990926814670376,-0.8914529576006469,False,True,False,True,24,40.0,True,0.4172314048474958,0.8921684435285099,False,1.5733931028713792,True,0.7462653941384456,True,2,1,0.41516392917971545,False,1.780834019652013,True,4,2,True,False,False,35.0,17.213106754582206,6.798941128825457,0.6450215973626282,10.0,False,1,4,3,4,-6.11028114016815,20.1299991607666,388671494.1843982,26.027397260273972,False,0.0,0,,,,0.0,0,,,,False,False,False,False,0,,none,0,0,False,-2,0.5,risk_on,6,False
LAZ,43.5,-22.88223721410264,12.393570838392476,-14.236385313168709,-34.30790058983526,0.07536046074366086,False,0.9940512984814435,11.03448100473689,-14.667100891787843,7.753284991154952,False,True,False,False,23,38.333333333333336,False,0.49424596214665506,2.4679822876167714,True,-0.46074158955148714,True,0.2535160449387064,True,1,0,0.4708345584329332,False,0.5427342482422931,False,5,1,False,False,False,25.0,16.11516942943966,12.735625519149604,0.5946665445963542,22.0,False,1,1,2,4,-6.532017309249982,46.540000915527344,76365264.48287793,21.232876712328768,False,0.0,0,,,,0.0,0,,,,False,False,False,False,0,,none,0,0,False,-2,0.5,risk_on,6,False
LBRT,24.850000381469727,-26.548142567184886,150.70808343134416,125.02665038972091,104.95513511305435,0.3630121540665364,False,0.9053479341452666,11.388329498040344,24.20800996824861,-5.405405601636703,True,True,False,False,21,35.0,False,0.4172405885782239,1.9902972523874483,False,-2.8707731472794538,True,-1.6620501333030613,True,1,0,0.5519103912282874,False,0.3954544185290377,False,6,2,True,False,False,25.0,19.467785608934086,13.360159532632816,0.3327339135195697,24.0,False,3,2,3,3,-12.990193115713488,28.559999465942383,92254815.3225319,95.2054794520548,True,0.0,0,,,,0.0,0,,,,False,False,False,False,0,,none,0,0,False,-3,0.375,risk_on,6,False
LEA,143.38999938964844,-2.1829572468684555,58.33301601155163,39.45491351448172,19.383398237815165,0.11616903540947557,True,0.8767595132231358,5.293253623124403,21.893295711589467,7.175429094300334,False,True,False,True,24,40.0,True,0.4779230939448185,1.163568032647658,True,1.3100556872541453,True,5.503638824214407,False,1,0,0.5878789369982471,False,1.0093518060366156,False,3,2,True,False,False,55.0,19.676708329794252,11.63260530495923,0.7908448995535049,33.0,False,6,3,5,6,-4.1154839071745,149.54447832936137,69105110.82141724,69.17808219178082,False,0.0,0,,,,0.0,0,,,,False,True,False,False,1,,power_play,6,6,True,0,0.75,risk_on,6,False
LPX,70.19999694824219,-30.689999259538638,4.7448529759136715,-17.25801289645883,-37.32952817312538,0.1449958122216786,False,1.0147047213867242,11.6737892465527,-23.025170350525713,-12.838345976839571,False,True,False,False,20,33.33333333333333,False,0.4971452316186668,2.1707479337960365,True,-1.2600841061661765,True,-6.9089065917722685,False,0,0,0.3415704868006769,False,0.8891079783656856,False,4,2,True,False,False,35.0,17.13432653626399,11.6737892465527,0.05574881584872637,17.0,False,0,2,2,3,-16.179108121501862,83.75,90377242.80606194,19.17808219178082,False,0.0,0,,,,0.0,0,,,,False,False,False,False,0,,none,0,0,False,-3,0.375,risk_on,6,False
LUMN,6.78000020980835,-42.68807900647612,83.24324655219353,57.30859164317976,37.23707636651321,0.2353332866537681,False,0.6547955901815942,9.660769757216048,-15.355805042782,-14.824118375423001,False,True,False,False,17,28.333333333333332,False,0.41749771933291474,2.412129994683013,False,-4.581869619103675,True,6.436425928024692,False,0,0,0.535028506521381,False,0.7772834111757178,False,7,2,True,False,False,25.0,30.552424725044506,10.324487676115895,0.2287824183280013,24.0,False,1,2,3,3,-23.562567110664602,8.869999885559082,95501792.37799668,78.76712328767124,False,0.0,0,,,,0.0,0,,,,False,False,False,False,0,,none,0,0,False,-3,0.375,risk_on,6,False
MCD,264.7099914550781,-21.4231975767882,0.06425603109760925,-8.320534627426856,-28.39204990409341,0.17419151385187873,False,1.1264151524128045,4.635257228571261,-11.506382056622744,-0.9244708767173426,True,True,False,True,20,33.33333333333333,False,0.5711610615373026,1.3236449651653568,True,-1.7444525085064135,True,-1.5728455967608301,True,2,0,0.3575385300094693,False,0.5460137910358521,False,4,2,True,False,False,25.0,8.71098602187573,6.62234118286833,0.024602968922947995,23.0,False,0,2,3,4,-8.496669903491282,289.2900085449219,1239529739.7445679,26.71232876712329,False,0.0,0,,,,0.0,0,,,,False,False,False,False,0,,none,0,0,False,-2,0.5,risk_on,6,False
MDLZ,59.630001068115234,-12.789546694017629,17.74497167827509,-11.11870821725871,-31.190223493925263,0.19494113907207966,False,1.173862459189426,8.670135654931308,4.5877468994305115,-0.03352968525071054,True,True,False,False,26,43.333333333333336,True,0.48729908680023143,1.2492052760469057,True,-0.5698115189981651,True,1.4115677582042352,True,1,0,0.4404151371819888,False,0.7093063380774918,False,4,2,True,False,False,65.0,13.302251153693895,8.75398478484065,0.5069896045148549,26.0,False,1,2,3,4,-6.558148102125361,63.815089124396444,556113216.564853,24.65753424657534,False,0.0,0,,,,0.0,0,,,,False,False,False,False,0,,none,0,0,False,-2,0.5,risk_on,6,False
MSTR,102.98500061035156,-75.84779500832899,25.11845907544823,-75.84099631574053,-95.91251159240707,0.32612830698452133,False,0.7164266865094205,14.118561760794757,-35.72676567658966,11.118904047522204,False,True,False,False,20,33.33333333333333,False,0.45053292485580176,3.5721522212802044,True,-3.426184000510554,True,5.539043531332188,False,0,0,0.48736222539025115,False,1.157318052869853,False,3,2,True,False,False,25.0,39.95596509461009,14.157403257411035,0.38896036190572286,24.0,False,1,2,3,3,-24.41467845111812,136.25,2292902781.365123,1.36986301369863,False,0.0,0,,,,0.0,0,,,,False,False,False,False,0,,none,0,0,False,-3,0.375,risk_on,6,False
MTB,247.1199951171875,-2.7239798267318927,41.39346888615836,30.30054982020498,10.229034543538429,0.19138464960306598,True,1.140210798613946,5.50744613113865,18.359777927094445,3.3110360660493887,False,True,False,True,30,50.0,True,0.5161132345823567,0.9974732901679249,True,4.068434795105351,False,2.17903199531706,True,2,1,0.5370548786713651,False,1.9842575142763388,True,3,1,False,False,False,35.0,17.74901745366115,9.2910355970909,0.8258947008572366,2.0,False,6,1,3,5,-3.0901979932598023,255.0,271993475.3022339,63.6986301369863,False,0.0,0,,,,0.0,0,,,,False,False,False,False,0,,none,0,0,False,-1,0.625,risk_on,6,False
NTAP,165.5,-8.326345527656454,77.29565559598093,56.706108285803005,36.63459300913645,0.074461127348643,True,1.0373453710887144,11.740186063184478,77.29565559598093,7.057052536801756,False,True,False,False,28,46.666666666666664,True,0.4600127867707587,2.1903080111042623,True,1.5743599792869205,True,-5.184762471229687,False,0,2,0.5340114917436635,False,1.3612613659156247,True,2,2,True,False,False,45.0,39.044754362363676,12.513599222880476,0.6436799016332189,35.0,False,7,5,5,6,-13.912430715104229,192.24610634817552,456666414.1047424,77.3972602739726,False,0.0,0,,,,0.0,0,,,,False,True,False,False,1,,power_play,6,6,True,0,0.75,risk_on,6,True
NXT,107.57499694824219,-31.218029957570025,99.95352876164785,74.83341310326527,54.76189782659872,0.18519668559468871,False,0.781623782934257,13.506854930507437,11.731406639126462,-2.7878245181402583,False,True,False,False,20,33.33333333333333,False,0.3142582144401394,2.1780891367301396,False,-1.9736584066862728,True,2.7852027366096266,True,1,0,0.4390296711746357,False,0.16067182544022748,False,7,1,False,False,False,25.0,24.017237888138606,16.016736087125807,0.28203067934582726,20.0,False,2,1,2,3,-17.243639970536538,129.99000549316406,438741190.93900985,85.61643835616438,True,0.0,0,,,,0.0,0,,,,False,False,False,False,0,,none,0,0,False,-3,0.375,risk_on,6,False
PFE,24.809999465942383,-11.665383392480756,12.037354211349616,9.413650966047049,-10.657864310619503,0.13595616043623326,False,0.9902790412599386,5.4010486958186315,0.4779963702247203,1.8054928664615666,False,True,False,True,22,36.666666666666664,False,0.4881506252567598,1.1027781602694462,True,-0.7756285830040985,True,2.3092761482160107,True,2,0,0.44694210722590216,False,0.7737236831407825,False,3,2,True,False,False,25.0,10.598028875756595,7.093914819699429,0.42499962534213076,24.0,False,2,2,2,6,-6.093870574194959,26.420000076293945,1158988718.9153094,39.726027397260275,False,0.0,0,,,,0.0,0,,,,False,True,False,False,1,,power_play,6,6,True,0,0.75,risk_on,6,False
PHYS,30.729999542236328,-24.92059781795217,22.821738529188764,18.101456578058283,-1.9700586986082698,0.38764520434372024,False,0.9054999775765844,2.8636546736869675,-15.507285002155925,1.5196533779855859,True,True,False,True,22,36.666666666666664,False,0.3637314823738218,0.48459782032606685,False,-2.8784489435336207,True,0.4905154313423976,True,2,1,0.5268788686171121,False,1.4892728035032143,True,9,1,False,False,False,25.0,9.8970955422308,4.230397539129198,0.2935776605759842,22.0,False,1,2,4,5,-6.9915293864456824,33.040000915527344,114001411.07613325,48.63013698630137,False,0.0,0,,,,0.0,0,,,,False,False,False,False,0,,none,0,0,False,-1,0.625,risk_on,6,False
PSMT,185.07000732421875,-6.483065673552579,78.68113961424315,72.3873356279466,52.315820351280045,0.3918276354244546,True,1.273764296579144,7.991575057870771,32.01668741273265,-5.455934955699238,False,True,False,True,24,40.0,True,0.44492347144891664,1.5859750311946248,True,0.9560672222299608,True,-4.87766773923658,True,2,0,0.3353732407569877,False,0.7128631529189317,False,5,2,True,False,False,45.0,21.252002601568606,10.169128750964237,0.6522253687510644,11.0,False,6,3,4,5,-7.390907368061939,199.83999633789062,69567478.03654785,84.93150684931507,True,0.0,0,,,,0.0,0,,,,False,False,False,False,0,,none,0,0,False,-1,0.625,risk_on,6,False
PSN,55.4900016784668,-37.85418175663027,17.93836892298648,-25.71619284413831,-45.787708120804865,0.062107136674937086,False,0.8933411954618744,6.965221772495697,-22.10836139470562,8.12549105307796,True,True,False,True,24,40.0,True,0.5441958176199384,2.4032089042180975,True,0.42168566532264695,True,2.7022079070069482,True,2,0,0.5398495717363672,False,1.0276483805981713,False,4,2,True,False,False,25.0,20.21647412482985,8.172643197399545,0.7248086710117636,10.0,False,2,3,5,4,-5.5633983818682236,58.75899887084961,55932192.21260319,12.32876712328767,False,0.0,0,,,,0.0,0,,,,False,False,False,False,0,,none,0,0,False,-1,0.625,risk_on,6,False
QRVO,88.80999755859375,-17.94327376512618,16.82452181046483,1.0007929607230626,-19.07072231594349,0.12598686964112743,False,0.718002625077238,8.568855781502243,11.221038516834202,-5.056663791574145,False,True,False,False,24,40.0,True,0.4243064827928085,1.5599752547941805,False,-2.0180160837661325,True,7.635432383047935,False,0,0,0.582512258694576,False,0.769765239006917,False,7,3,True,False,False,25.0,22.21903682684847,8.568855781502243,0.31913970619119625,20.0,False,2,2,3,5,-15.128059942076677,104.63999938964844,103011127.97365876,34.93150684931507,False,0.0,0,,,,0.0,0,,,,False,False,False,False,0,,none,0,0,False,-1,0.625,risk_on,6,False
R,271.69000244140625,-3.0855368514946524,71.91075555195106,63.97149431087998,43.89997903421343,0.20326112023006904,True,0.9803664293249191,5.502599312705821,45.70800536269686,2.7183374069588817,False,True,False,True,25,41.66666666666667,True,0.39197172944913145,1.0987527522424771,False,1.8832018628525817,True,1.3541762724291084,True,2,0,0.4502807911260428,False,0.8545623120177848,False,7,2,True,False,False,45.0,20.262712060579492,5.594615948486858,0.7819322168531639,25.0,False,7,3,4,6,-4.418644699593233,284.25,94073155.14793396,82.87671232876713,True,0.0,0,,,,0.0,0,,,,False,True,False,False,1,,power_play,6,6,True,0,0.75,risk_on,6,False
RACE,370.9100036621094,-27.520394093182198,19.248232490696047,-26.047480471517794,-46.118995748184346,0.15047522204698266,False,0.8148716358544658,4.2463130798563995,11.405284674725614,0.6977269234322403,True,True,False,True,30,50.0,True,0.48922446173759615,0.9971045267073767,True,1.909757021716467,True,0.4740491880593334,True,2,1,0.40487581275903584,False,1.191848233692407,False,2,2,True,False,False,45.0,19.751010697046418,4.2463130798563995,0.650527396787452,10.0,False,1,4,5,4,-6.902437124375693,398.4100036621094,170319219.0405609,11.643835616438356,False,0.0,0,,,,0.0,0,,,,False,False,False,False,0,,none,0,0,False,-1,0.625,risk_on,6,False
RBRK,75.55000305175781,-23.29948928755552,72.44921406877025,-12.689235967221734,-32.760751243888286,0.15256266445193584,False,1.1151022663604495,19.462599810754668,16.445755625826152,-1.2676341268455737,False,True,False,False,30,50.0,True,0.5184929775769438,3.4487569521115224,True,0.3377255291745387,True,-14.19647878109921,False,0,1,0.4284515467421305,False,2.1570110890334653,True,4,1,False,False,False,25.0,26.61432888662133,20.238253207021668,0.38138763695745953,7.0,False,1,2,2,3,-16.46395288334417,90.44000244140625,252338561.61198425,23.28767123287671,False,0.0,0,,,,0.0,0,,,,False,False,False,False,0,,none,0,0,False,-3,0.375,risk_on,6,False
RGTI,15.03499984741211,-73.31380935979372,16.55038986059352,-6.498756724204624,-26.570272000871178,0.2720489028584548,False,0.5732897250294887,19.75390318255109,-39.83593443330642,-22.659467930200073,False,True,True,False,17,28.333333333333332,False,0.44901031241655787,3.440919986432355,True,-4.050414044423689,True,-6.6728784743105845,False,1,0,0.41666552464654744,False,0.9580230772520656,False,9,1,False,False,False,,,,,,False,0,1,2,2,,,425387012.990251,30.136986301369863,False,0.0,0,,,,0.0,0,,,,False,False,False,False,0,,none,0,0,False,-4,0.25,risk_on,6,False
RIG,5.150000095367432,-32.058045551411226,95.07575343654631,95.07575343654631,75.00423815987975,0.2570317317810227,False,0.7987443821063639,7.572812801234925,19.767438765794676,2.182542348154337,True,True,False,True,21,35.0,False,0.3882612211821411,1.518839904375629,False,-3.3785037032417615,True,-3.013179833074664,True,2,0,0.5134704826136176,False,0.6987780684727523,False,4,0,False,False,False,25.0,19.46308456354919,10.291266019297739,0.3017240954069066,24.0,False,3,1,4,5,-13.590602979784183,5.960000038146973,187339652.79322556,91.0958904109589,True,0.0,0,,,,0.0,0,,,,False,False,False,False,0,,none,0,0,False,-1,0.625,risk_on,6,False
RIVN,17.635000228881836,-21.44766311993289,51.50343392384944,28.722631200005623,8.65111592333907,0.11507973036555313,False,1.3392692845153389,13.013893090487711,9.127477694289299,4.90779767489542,False,True,False,False,27,45.0,True,0.5193937292433348,3.873260801435183,True,1.1115765050760993,True,0.7714298793247698,True,1,2,0.5570448115323641,False,1.6459658279920124,True,2,2,True,True,True,45.0,37.376241877480616,19.047355350564402,0.6602648814223008,11.0,False,2,4,4,5,-12.698021966234641,20.200000762939453,717966333.4839854,61.64383561643836,False,0.0,0,,,,0.0,0,,,,False,False,False,False,0,,none,0,0,False,-1,0.625,risk_on,6,False
RKLB,68.18499755859375,-54.61292717983179,72.70769591992614,44.490357158014085,24.418841881347532,0.3143675484039594,False,0.6522735991058644,24.257536859650017,-23.525129253027888,-30.430572316671324,False,True,False,False,19,31.666666666666664,False,0.5461597502155148,4.418410617061713,True,-5.649909062895645,True,-13.481792068449838,False,0,0,0.30455891083015113,False,0.5168137825558308,False,5,2,True,False,False,,,,,,False,1,2,2,2,,,1946634904.4892907,71.91780821917808,False,0.0,0,,,,0.0,0,,,,False,False,False,False,0,,none,0,0,False,-4,0.25,risk_on,6,False
RL,384.75,-6.894275884911394,37.25567215116505,34.67939863120948,14.607883354542928,0.22229073847730946,True,0.9872606590691922,5.593239509726283,7.364610393619508,-3.2343215274616033,False,True,False,True,17,28.333333333333332,False,0.5341212401299488,1.7459041199551706,True,0.5724292753935851,True,4.276770124153773,True,2,0,0.3838398989655882,False,0.9582709241568518,False,3,2,True,False,False,45.0,24.755686718481503,8.317089018843404,0.6559399102797363,24.0,False,3,3,4,5,-8.517443793447487,420.5719821943956,239420066.14698792,67.12328767123287,False,0.0,0,,,,0.0,0,,,,False,False,False,False,0,,none,0,0,False,-1,0.625,risk_on,6,False
RLI,60.595001220703125,-5.525913111000724,32.45419754872509,-5.1036077391924835,-25.175123015859036,0.0749055731568444,False,1.0660190248248886,6.766238478789792,6.418778501292599,3.758561023070417,False,True,False,True,28,46.666666666666664,True,0.527817251311503,1.3331417095599933,True,4.037138441735034,False,0.7565710603133269,True,2,1,0.4676585971933007,False,2.4681290741877753,True,3,3,True,False,False,25.0,18.199053075215527,7.261327563725809,0.7651911537438835,10.0,False,3,3,4,5,-4.273298655545188,63.29999923706055,50554012.37385025,30.82191780821918,False,0.0,0,,,,0.0,0,,,,False,False,False,False,0,,none,0,0,False,-1,0.625,risk_on,6,False
ROKU,144.0800018310547,-0.2423255988887485,80.14503098737889,57.13818082088922,37.066665544222666,0.08747346270314155,True,0.47265038006079557,2.727646186727205,40.223846064286796,5.529922448737823,False,True,True,True,23,38.333333333333336,False,0.46014192416695987,0.7253159587275035,True,5.841346476049218,False,1.6365740788081506,True,3,1,0.5257947052616602,False,1.7125892966508471,True,3,3,True,False,False,35.0,22.75658501588603,4.816770095230813,0.8583234250301753,25.0,False,7,3,5,5,-3.2240750230603687,148.8800048828125,540406651.0079956,78.08219178082192,False,0.0,0,,,,0.0,0,,,,False,False,False,False,0,,none,0,0,False,-1,0.625,risk_on,6,False
ROL,44.29999923706055,-32.03359617079175,6.133199462506078,-19.0400586164142,-39.11157389308075,0.15194896789051093,False,0.9724226360036762,6.6365744741293335,-29.351996088041453,4.777673879103328,False,True,False,True,19,31.666666666666664,False,0.44651351150135854,1.1270057475771158,True,-2.4013623941393676,True,0.022574669962804883,True,2,0,0.5173655731321848,False,0.8824370045212755,False,6,2,True,False,False,25.0,12.594775905414146,6.6365744741293335,0.4682273330097007,23.0,False,1,2,2,5,-6.6975575733672414,47.47999954223633,200660215.93808213,17.123287671232877,False,0.0,0,,,,0.0,0,,,,False,False,False,False,0,,none,0,0,False,-1,0.625,risk_on,6,False
ROST,235.26499938964844,-2.0259881706737426,77.1374899214835,77.1374899214835,57.065974644816954,0.17733479894201373,True,0.830643479289837,7.723204988453028,24.53329878545858,12.658620565439582,False,True,False,True,25,41.66666666666667,True,0.4515684127859486,1.3385385523645257,True,2.0566404587900746,True,6.488483768206188,False,1,1,0.6725029607097508,True,0.8800345649119657,False,5,1,False,False,False,25.0,14.563109070331294,10.243770287139455,0.836039775439353,24.0,True,7,4,5,5,-2.387770633472708,241.02000427246094,671746563.9519684,86.3013698630137,True,0.0,0,,,,0.0,0,,,,False,False,False,False,0,,none,0,0,False,-1,0.625,risk_on,6,False
RUN,11.614999771118164,-45.74965037880603,28.059538720230016,11.04206241643384,-9.029452860232713,0.17043190611020373,False,0.7993125435022496,17.520454939195567,-30.82192294357383,-13.835310344593388,False,True,False,False,23,38.333333333333336,False,0.3412942522640014,2.4137172368408013,False,-2.418828297160413,True,-9.115805838770385,False,0,0,0.5022289464088016,False,0.44363258569382646,False,8,3,True,False,False,25.0,32.96605419459908,18.037023747845716,0.06504057896551421,18.0,False,0,2,3,2,-30.82192294357383,16.790000915527344,161262720.90820932,43.15068493150685,False,0.0,0,,,,0.0,0,,,,False,False,False,False,0,,none,0,0,False,-3,0.375,risk_on,6,False
RY,209.58999633789062,-3.800430974831226,64.27340059294515,59.28499646656713,39.21348118990058,0.11815658703150282,True,1.2155818441909807,4.334802256020629,26.030593571065165,2.343866013536733,False,True,False,True,35,58.333333333333336,True,0.6227976825631384,0.9698503841822316,True,3.087620691739592,True,-2.0790492841650132,True,2,1,0.5088154322130038,False,1.2051309202195062,True,4,1,False,False,False,55.0,18.808619313156946,6.717878752359728,0.7815613998296331,3.0,False,6,3,3,6,-4.108528473903328,218.57000732421875,334658341.91725236,80.82191780821918,True,0.0,0,,,,0.0,0,,,,False,True,False,False,1,,power_play,6,6,True,0,0.75,risk_on,6,False
SAIL,14.8100004196167,-37.32542976892669,41.1820852503036,-28.280868313784623,-48.352383590451176,0.13248462266068137,False,0.9923552025619911,10.060774359053283,-14.491912929753624,7.944607371526979,True,True,False,False,23,38.333333333333336,False,0.4451257434006778,3.2402217170910816,True,-0.11358761585887743,True,-2.5657854904097666,True,1,2,0.40189286106310085,False,1.6760562227573388,True,2,3,True,False,False,25.0,26.843663360520832,18.095882709266952,0.5296703725113823,10.0,False,1,4,4,5,-12.625370188783624,16.950000762939453,66062785.065155126,10.273972602739725,False,0.0,0,,,,0.0,0,,,,False,False,False,False,0,,none,0,0,False,-1,0.625,risk_on,6,False
SBAC,179.47000122070312,-23.249406576288422,9.327708377795352,-21.61857342722958,-41.69008870389614,0.0903014822751578,False,0.9096257592674364,7.315988629579316,-2.2031539290910174,-0.01671241186455008,False,True,False,True,18,30.0,False,0.43580957064457604,1.307496774878791,False,-2.8801394350996623,True,-4.1548725123080725,True,2,0,0.42892850806265814,False,0.8250056416664431,False,6,3,True,False,False,25.0,15.010733350424884,7.956760841460103,0.17262673949482288,24.0,False,0,2,3,4,-12.419479394714838,204.9199981689453,173556931.0066719,14.383561643835616,False,0.0,0,,,,0.0,0,,,,False,False,False,False,0,,none,0,0,False,-2,0.5,risk_on,6,False
SBRA,21.565000534057617,0.0,30.972050891372827,26.597601376707523,6.5260861000409705,0.6944364477077726,True,1.041843649687131,10.10897403750538,15.58296180732006,10.476434571396688,True,True,False,False,27,45.0,True,0.4577075561633987,1.3774028170070296,True,3.7423928306980967,True,9.189876121810725,False,0,2,0.4219420637370194,False,2.0042848347947326,True,1,0,False,False,False,35.0,18.721033468311983,10.10897403750538,0.9962872788785165,0.0,True,6,4,6,6,-0.06950597637379596,21.579999923706055,65412357.5887845,58.9041095890411,False,0.0,0,,,,0.0,0,,,,True,True,False,False,2,power_play,sepa_vcp,6,6,True,0,0.75,risk_on,6,True
SEIC,98.55999755859375,-1.6955959918361074,31.86553130348426,9.70942550570031,-10.362089770966243,0.14272373223497747,False,1.1773700270176286,5.4991865901002415,18.414359548780034,13.955370554911672,False,True,False,True,21,35.0,False,0.45910563429537193,1.2058819475960487,True,3.077798911132889,True,3.8676343055658924,True,2,0,0.5056742685079418,False,1.18507822063072,False,5,2,True,False,False,35.0,14.91380716748471,8.44155834102775,0.8516459030804165,2.0,True,3,3,3,5,-2.2125243939650097,100.79000091552734,67226701.38812408,40.41095890410959,False,0.0,0,,,,0.0,0,,,,False,False,False,False,0,,none,0,0,False,-1,0.625,risk_on,6,False
SEZL,178.82000732421875,-5.160432548424909,250.8338297853232,31.504642552363027,11.433127275696474,0.12305801522196227,True,1.2839188990162678,16.838160931153016,171.63907390302106,4.756889584736568,False,True,False,False,34,56.666666666666664,True,0.4234016303834509,3.159349364836762,False,2.915444967662495,True,-1.9573398088581273,True,1,1,0.5275322331080567,False,1.7847842848479598,True,3,0,False,False,False,25.0,29.640799026917954,21.647469594205994,0.7088433624147233,3.0,False,8,2,3,6,-8.630115380018367,195.7100067138672,111360262.96398011,64.38356164383562,False,0.0,0,,,,0.0,0,,,,False,True,False,False,1,,power_play,6,6,True,0,0.75,risk_on,6,False
SFM,73.25499725341797,-55.92624132461083,11.737339812965786,-55.92624132461083,-75.99775660127739,0.10916653356758771,False,1.0039274660543471,7.275946217323033,0.9717355920126014,-10.500917997476378,False,True,False,True,21,35.0,False,0.44293618118830064,2.3020134827459753,True,-2.4411594834845234,True,-2.780360004151361,True,2,0,0.3089066773523018,False,0.5030992647376819,False,4,1,False,False,False,25.0,20.62671262926141,17.009077266590563,0.05676946289209447,11.0,False,0,1,2,4,-19.455745232068654,90.94999694824219,175733391.22760963,4.794520547945205,False,0.0,0,,,,0.0,0,,,,False,False,False,False,0,,none,0,0,False,-2,0.5,risk_on,6,False
SHAK,56.83000183105469,-59.66929220488251,8.57852821050249,-57.715770526875566,-77.78728580354212,0.11345152899671397,False,0.8901062794498682,9.924334344410433,-41.50885169921278,3.723308781601453,False,True,False,False,18,30.0,False,0.4742318796164026,2.1667606947026226,True,-0.7496663805609095,True,-5.425192732992201,False,0,2,0.5166987218537539,False,1.4250714884148938,True,2,3,True,False,False,25.0,16.927004243652988,18.687317269764268,0.4435029831499621,5.0,False,0,4,3,4,-9.419827365800826,62.7400016784668,100488568.06497268,4.10958904109589,False,0.0,0,,,,0.0,0,,,,False,False,False,False,0,,none,0,0,False,-2,0.5,risk_on,6,False
SHLS,10.300000190734863,-19.342209698411892,130.94170633716578,82.62412118021933,62.55260590355278,0.11047805106574717,False,0.9596905376582878,20.203886306098156,11.834963605572323,10.871907782875567,False,True,False,False,23,38.333333333333336,False,0.3961945300980291,3.1453397767304137,False,0.012692802475024264,True,-4.2750932003909,True,1,0,0.4344632903121566,False,0.9068297467286792,False,6,1,False,False,False,25.0,25.594730520899923,22.776695866692258,0.5366099638075676,4.0,False,3,1,2,3,-11.86034310241537,11.685999870300293,59697852.90480056,89.04109589041096,True,0.0,0,,,,0.0,0,,,,False,False,False,False,0,,none,0,0,False,-3,0.375,risk_on,6,False
SHW,320.9049987792969,-13.865621419656426,9.5238903683607,-5.097571008853786,-25.169086285520336,0.08244979379239921,False,1.0688117441636995,8.15038683684857,-7.06465464060938,-6.794943317784707,False,True,False,False,27,45.0,True,0.4137511522974576,1.0907838054552568,False,0.1937834387826395,True,-2.3120247247193637,True,1,1,0.37472146171683984,False,2.254948721127158,True,3,2,True,False,False,35.0,18.042250022197663,8.15038683684857,0.4865224850030632,10.0,False,1,3,2,4,-9.26428970635148,353.6700134277344,804037440.5343475,31.506849315068493,False,0.0,0,,,,0.0,0,,,,False,False,False,False,0,,none,0,0,False,-2,0.5,risk_on,6,False
SIG,89.94000244140625,-14.819756881930157,21.639166177576463,10.022664156474148,-10.048851120192404,0.16406054798840466,False,0.7853883663693901,8.516792810962711,-3.3700198774565093,3.522105530301345,False,True,False,False,19,31.666666666666664,False,0.3682117093826532,1.4554455318094512,False,1.7356265545820957,True,5.439623943311012,False,0,1,0.5580544925459733,False,0.9315651670706686,False,2,3,True,False,False,35.0,14.629216206525985,14.309542358492294,0.7054548783735796,25.0,False,1,4,3,4,-4.308964266850401,93.98999786376953,67675960.18964425,41.0958904109589,False,0.0,0,,,,0.0,0,,,,False,False,False,False,0,,none,0,0,False,-2,0.5,risk_on,6,False
SIGI,95.80999755859375,-4.333503645692605,31.440636817861687,10.359467747470497,-9.712047529196056,0.08827915590428384,False,1.0051271235488426,5.051669022666652,18.95005379649628,-1.9946854900016797,False,True,False,True,27,45.0,True,0.486827459882172,1.1268699292159017,True,1.7899826613597294,True,-0.5501336925922473,True,2,1,0.36327617648714605,False,1.9167846985259644,True,6,3,True,False,False,35.0,15.46812603911554,5.9179688370958194,0.7044427348311119,11.0,False,3,4,3,5,-4.571717029408651,100.4000015258789,56930696.658650205,41.78082191780822,False,0.0,0,,,,0.0,0,,,,False,False,False,False,0,,none,0,0,False,-1,0.625,risk_on,6,False
SJM,113.2699966430664,-3.2293945409125224,27.92056729033565,12.149299386267543,-7.922215890399009,0.17084822965493499,False,1.066701084146868,8.916753246971934,12.086720314792032,-2.2607668999746755,False,True,False,False,28,46.666666666666664,True,0.48874306774239545,1.3632768214071307,True,1.5813758964309899,True,4.098887220423797,True,1,0,0.3915134924993896,False,1.1257148588876842,False,4,1,False,False,False,45.0,16.213688367803954,8.916753246971934,0.7658458838029801,25.0,False,4,2,3,6,-3.796501870057034,117.73999786376953,163109934.43877143,45.89041095890411,False,0.0,0,,,,0.0,0,,,,False,True,False,False,1,,power_play,6,6,True,0,0.75,risk_on,6,False
SKY,82.51000213623047,-15.339623526247316,35.48440076995496,28.90173313949753,8.830217862830978,0.06407253246497459,False,0.9837801989983594,7.696044042068098,-12.38185861679244,-5.627356916129456,False,True,False,True,23,38.333333333333336,False,0.5302026001279768,2.0873780548504173,True,1.4395840359752685,True,1.3262947648374768,True,2,0,0.5146787644636612,False,1.0821654411241803,False,3,2,True,False,False,45.0,29.456595663750157,10.568417155420406,0.6989127040852158,17.0,False,0,3,3,4,-8.869006735253693,90.54000091552734,62187679.51612663,62.328767123287676,False,0.0,0,,,,0.0,0,,,,False,False,False,False,0,,none,0,0,False,-2,0.5,risk_on,6,False
SMTC,136.14999389648438,-22.07978182018242,180.89537954938248,156.59628792436976,136.5247726477032,0.2425990498888338,False,0.9138466605782792,22.137349056779286,76.84114518017768,-12.802616607727057,False,True,False,False,26,43.333333333333336,True,0.4535094030773498,3.2178590657913695,True,-1.0053809974322718,True,-3.6856300872749603,True,1,0,0.5108833558398201,False,0.5804261278448721,False,5,2,True,False,False,25.0,35.466595427439664,24.64194238397548,0.3449919521422342,24.0,False,6,2,2,2,-23.23090543508841,177.35000610351562,523580555.55180055,95.8904109589041,True,0.0,0,,,,0.0,0,,,,False,False,False,False,0,,none,0,0,False,-4,0.25,risk_on,6,False
SNA,406.7200012207031,-1.9880955191293959,31.511609766360028,27.26659405422098,7.1950787775544285,0.20424156506946414,True,1.0956259199748428,4.442861740259785,13.035587200383493,2.098608338325625,False,True,False,True,26,43.333333333333336,True,0.39868396028339503,0.8295706878642469,False,2.5152053448758456,True,0.519007001348859,True,2,0,0.4259835543036211,False,0.8915468111964185,False,6,1,False,False,False,45.0,15.862080002070181,5.677123394126132,0.8053177694113871,2.0,False,5,1,3,6,-3.0880651165780537,419.67999267578125,133548639.54446411,60.273972602739725,False,0.0,0,,,,0.0,0,,,,False,True,False,False,1,,power_play,6,6,True,0,0.75,risk_on,6,False
SON,55.09000015258789,-4.057816249840229,44.983217742078786,25.13484162786146,5.063326351194906,0.1656694223727082,True,1.1561492887054514,7.315299996613928,17.80530340783031,-1.1483929569448437,False,True,False,True,26,43.333333333333336,True,0.581367789965197,1.8297545625238467,True,1.9322562097886051,True,3.552630380721844,True,2,1,0.37474257087846125,False,1.547984040663948,True,5,1,False,False,False,35.0,19.306416155045728,7.315299996613928,0.7435210648699747,10.0,False,5,3,4,6,-4.951689056623243,57.959999084472656,61808828.78195496,57.534246575342465,False,0.0,0,,,,0.0,0,,,,False,True,False,False,1,,power_play,6,6,True,0,0.75,risk_on,6,False
SOUN,6.350100040435791,-70.32663479611824,7.6288125049653654,-45.72563979524856,-65.79715507191511,0.20465859411100823,False,0.8360294661327585,13.401368538629772,-39.23349132690232,-0.7796883466886229,True,True,False,False,18,30.0,False,0.4359991384594387,2.6694167849567423,False,-2.563608232500996,True,-5.080717696225079,False,0,0,0.5318306012825815,False,1.0538800790465204,False,7,0,False,False,False,25.0,23.002580819594563,14.2517472802876,0.2101400939302247,24.0,False,0,1,4,3,-18.16881632552738,7.760000228881836,183400546.82393906,6.8493150684931505,False,0.0,0,,,,0.0,0,,,,False,False,False,False,0,,none,0,0,False,-2,0.5,risk_on,6,False
SPY,746.4600219726562,-1.4728002515464467,21.394046232963394,20.032924154901544,-0.03859112176500901,0.1587875671593115,False,0.8253184646193955,1.9800161913314642,10.751045976984441,0.7368450705339091,False,True,False,True,28,46.666666666666664,True,0.34402884134777567,0.3270063514571557,False,0.3749672387123142,True,-0.7142565467089912,True,2,2,0.6142222172965527,True,1.3318277956872167,True,6,0,False,False,False,65.0,7.64334598607828,2.152828932720447,0.7932387287083397,33.0,True,4,5,6,7,-1.5803479330035564,758.4461093852723,36433271335.3407,51.369863013698634,False,0.0,0,,,,0.0,0,,,,True,True,False,False,2,sepa_vcp,power_play,7,7,True,1,0.875,risk_on,6,False
SRE,89.62000274658203,-9.513300189644514,17.365056651422872,17.365056651422872,-2.7064586252436804,0.10869265857646958,False,1.018924876767914,6.379831974551433,2.7815669467258664,-4.568204395947928,False,True,False,True,27,45.0,True,0.3896279860533534,0.7880913977836093,False,-0.9876360687126123,True,-4.005995971849696,True,2,0,0.26940210222724353,False,0.9661099489667931,False,5,3,True,False,False,35.0,9.933398124927638,7.384065258307608,0.3290038454351711,9.0,False,2,2,2,5,-6.665271943587925,96.0199966430664,304727002.20748174,47.26027397260274,False,0.0,0,,,,0.0,0,,,,False,False,False,False,0,,none,0,0,False,-1,0.625,risk_on,6,False
SSRM,26.100000381469727,-26.972582104843966,118.41004851927894,109.13462611227622,89.06311083560968,0.24051036636870915,False,0.8996212263237909,12.183909037156539,6.83585777909359,-8.033822574768845,False,True,False,False,21,35.0,False,0.38378536800316965,1.7228356821912982,False,-2.184999792055963,True,-6.148864139917776,False,0,0,0.42614468216317186,False,0.9253399702671418,False,6,1,False,False,False,25.0,26.388889671718474,18.31417860836192,0.13325873386229328,22.0,False,2,1,2,3,-22.872339646033524,33.84000015258789,96404827.80448799,93.15068493150685,True,0.0,0,,,,0.0,0,,,,False,False,False,False,0,,none,0,0,False,-3,0.375,risk_on,6,False
STE,211.66000366210938,-20.778067563620674,6.148450421713458,-4.1616069104156495,-24.233122187082202,0.10919814138314796,False,1.078358209149005,6.628554538671434,-17.504663179402225,-0.7409500048551343,False,True,False,True,22,36.666666666666664,False,0.4772086177014328,1.2939618737102245,True,0.06438635224722394,True,1.4037311333033875,True,2,1,0.4182874814381722,False,1.3534380750176929,True,4,1,False,False,False,55.0,12.572541493439306,7.271094738435696,0.6111363637128789,2.0,False,0,2,2,4,-4.889004202509517,222.5399932861328,159366888.8272934,32.19178082191781,False,0.0,0,,,,0.0,0,,,,False,False,False,False,0,,none,0,0,False,-2,0.5,risk_on,6,False
SYF,71.91000366210938,-18.05616533941956,13.204404929359459,5.285658672919125,-14.785856603747428,0.7554005180521456,False,1.1223853692695318,5.951892908811818,-4.711217115728794,-8.242948651363157,False,True,False,True,22,36.666666666666664,False,0.38931669257926305,1.5288337313595164,False,-0.44773684787852686,True,-2.4022755642443605,True,2,1,0.5212408415348613,False,1.5042979797737923,True,6,2,True,False,False,25.0,14.611953933946358,9.887359544243695,0.33147288304714634,17.0,False,0,3,2,4,-9.768487436509066,79.69499969482422,275038329.5640793,38.35616438356164,False,0.0,0,,,,0.0,0,,,,False,False,False,False,0,,none,0,0,False,-2,0.5,risk_on,6,False
TAK,17.149999618530273,-8.776594071757305,29.629631231501374,18.76731382893182,-1.3042014477347337,0.5757042576861298,False,1.0109699583563718,5.7725935459991895,6.191950610652741,7.321652752251628,False,True,False,True,22,36.666666666666664,False,0.3646005421987418,0.5591257968845664,False,3.4069523424044865,True,4.636975333640558,True,2,1,0.5040105874720566,False,1.9349291496175058,True,5,2,True,False,False,65.0,17.463845770809673,5.889214293570879,0.735668762725784,64.0,False,2,4,3,6,-4.6162399601642035,17.979999542236328,54347424.47435312,49.31506849315068,False,0.0,0,,,,0.0,0,,,,False,True,False,False,1,,power_play,6,6,True,0,0.75,risk_on,6,False
TJX,153.27999877929688,-8.984029780777568,24.591501413619742,24.182641245302918,4.111125968636365,0.18430122060454224,False,0.8936748518279874,6.44571353255902,-1.1937377652305292,1.3555532035133933,False,True,False,True,23,38.333333333333336,False,0.4217115482950281,1.073719221075017,False,-0.9053323520193748,True,1.9555690521626534,True,2,0,0.46651028198969263,False,0.6982264585393773,False,4,3,True,False,False,55.0,14.315944707448308,6.44571353255902,0.3129831780790123,26.0,False,1,2,2,5,-9.83529483570772,170.0,878350650.11642,56.16438356164384,False,0.0,0,,,,0.0,0,,,,False,False,False,False,0,,none,0,0,False,-1,0.625,risk_on,6,False
TRP,67.94000244140625,-3.3161412932073753,47.908628506599094,46.00636719920133,25.934851922534776,0.07036900012575201,True,1.0330610718929625,4.511336960945227,27.58073553575622,0.0854404024532851,False,True,False,True,36,60.0,True,0.4990835684087335,1.079205421068619,True,0.05217098169870766,True,-0.860931487523775,True,2,0,0.37102994833773145,False,1.1743815254642376,False,4,2,True,False,False,65.0,17.12962877636473,5.725639166709339,0.7562765141867099,2.0,False,5,2,3,5,-4.174892836063249,70.9000015258789,176631894.38260764,72.6027397260274,False,0.0,0,,,,0.0,0,,,,False,False,False,False,0,,none,0,0,False,-1,0.625,risk_on,6,False
TSEM,248.4199981689453,-21.59697226334093,456.12269610892326,397.8356524500523,377.76413717338573,0.3335264597106247,False,0.9709695489470798,23.907092757185563,92.57364199143048,-2.8052733955465703,True,True,False,False,23,38.333333333333336,False,0.4454539607883532,3.7020348345613594,True,-0.2436767909685878,True,-2.767234401428642,True,1,0,0.506195769130912,False,0.8182871162901743,False,5,1,False,True,False,25.0,37.603924686044,27.4897326259902,0.40553565186775903,20.0,False,6,1,3,5,-22.354192575703035,319.94000244140625,433829198.983461,100.0,True,0.0,0,,,,0.0,0,,,,False,False,False,False,0,,none,0,0,False,-1,0.625,risk_on,6,False
TSM,419.364990234375,-12.187745502687896,86.51429278766263,77.51849544998915,57.44698017332259,0.3674525029982416,False,1.0291721193003287,10.22260480323033,28.845687018595576,-7.852123794745114,False,True,False,False,25,41.66666666666667,True,0.5618623431634363,2.1778808123813365,True,-0.2950953310702116,True,-0.24382701261820294,True,1,0,0.4326788019934737,False,0.8087230854511962,False,8,1,False,False,False,25.0,19.41127578002675,14.705570294093503,0.35862548161675534,14.0,False,3,1,2,3,-12.449897654619003,479.0,6440922202.8873825,86.98630136986301,True,0.0,0,,,,0.0,0,,,,False,False,False,False,0,,none,0,0,False,-3,0.375,risk_on,6,False
TSN,57.314998626708984,-15.930078554054806,15.894409219234507,11.255049126940708,-8.816466149725844,0.15063362147171966,False,0.754190208420021,3.4196966438716623,-4.326406465119447,-2.2762197177111143,True,True,False,True,18,30.0,False,0.3377844588125718,0.7284613225728358,False,-2.3121485719135966,True,-0.28705796249371973,True,2,1,0.3059485810549035,False,1.3352450672386589,True,3,3,True,False,False,25.0,9.146848332448227,3.646515227541057,0.4881813742897727,10.0,False,0,3,4,4,-4.6815273430935385,60.130001068115234,165465780.5632824,44.52054794520548,False,0.0,0,,,,0.0,0,,,,False,False,False,False,0,,none,0,0,False,-2,0.5,risk_on,6,False
UAL,117.8499984741211,-13.41562122867388,39.35201477993342,27.61234479840926,7.540829521742708,0.152946635043263,True,0.9706430534769374,7.55197423938302,8.547479787585633,-12.826395187617978,False,True,False,True,25,41.66666666666667,True,0.42459487318985706,1.6386686644462196,False,0.7492344175026462,True,-2.0772746420412935,True,2,0,0.44033959790910177,False,1.1791679747225032,False,3,1,False,False,False,25.0,17.82085652197482,14.229950666269175,0.1540637703765428,14.0,False,2,1,4,3,-15.07530817485998,138.77000427246094,648715567.7400604,60.95890410958904,False,0.0,0,,,,0.0,0,,,,False,False,False,False,0,,none,0,0,False,-2,0.5,risk_on,6,False
UMBF,142.53500366210938,-3.7055806323686546,38.558343679403826,33.344943639221356,13.273428362554803,0.16927282668124657,True,0.924790929314962,4.532214045044017,19.11302552096632,0.3909057270542471,True,True,False,True,26,43.333333333333336,True,0.44257875863310997,1.1084840835717256,True,2.11242624323704,True,-0.05258884224192961,True,2,2,0.43087942667276574,False,1.8453482042449683,True,2,3,True,False,False,45.0,16.865699047847578,5.507412665688488,0.7691250814053647,3.0,False,5,5,7,6,-3.893866894713427,148.30999755859375,102733336.68244477,65.75342465753424,False,0.0,0,,,,0.0,0,,,,True,True,False,False,2,power_play,sepa_vcp,7,7,True,1,0.875,risk_on,6,False
UPST,29.63010025024414,-64.78057623015036,22.337329026704843,-61.35876352070886,-81.43027879737542,0.21300499977111934,False,0.9133732370156935,15.086008064780884,-33.57969100011937,-15.41506913281463,False,True,False,False,23,38.333333333333336,False,0.4086381351978782,2.4216943304527527,False,-0.8788070846617686,True,-6.588584830865618,False,0,0,0.4317183145043132,False,0.8448000524166248,False,5,1,False,False,False,25.0,23.22493563086303,21.464654689956795,0.15170362701081136,13.0,False,0,1,2,2,-19.70162865856848,36.900001525878906,124897386.26066236,3.4246575342465753,False,0.0,0,,,,0.0,0,,,,False,False,False,False,0,,none,0,0,False,-4,0.25,risk_on,6,False
VAL,76.86000061035156,-32.23417223489603,73.69491663356284,66.04017949926187,45.968664222595315,0.3064307865490945,False,0.8092362896158567,6.889146665231978,41.390728012088005,3.1262603907380226,True,True,False,True,21,35.0,False,0.4450342637053892,1.652592418324386,True,-3.3178816415912604,True,-2.0766942257369636,True,2,0,0.5037051186318943,False,0.9136055542739127,False,5,2,True,False,False,25.0,19.288538952473395,9.348162245039157,0.3155737009259797,24.0,False,3,2,4,5,-13.201583329786448,88.55000305175781,65910097.90542755,84.24657534246576,True,0.0,0,,,,0.0,0,,,,False,False,False,False,0,,none,0,0,False,-1,0.625,risk_on,6,False
VALE,14.114999771118164,-20.791245719168916,61.3327109942978,51.776973942063535,31.705458665396982,0.25091555808623406,False,0.9059067695853478,5.171799887167118,-5.458811235088056,-6.0878242056505165,False,True,False,True,20,33.33333333333333,False,0.38581540885739296,0.7983118760191156,False,-3.6418212056000874,True,-3.2556571384646182,True,2,0,0.4256448404580319,False,1.1329994984112999,False,5,4,True,False,False,25.0,14.792181782909225,5.6677308091198695,0.07231409762547018,24.0,False,1,2,3,4,-13.722498505366222,16.360000610351562,310464865.2088121,74.65753424657534,False,0.0,0,,,,0.0,0,,,,False,False,False,False,0,,none,0,0,False,-2,0.5,risk_on,6,False
VIAV,42.17499923706055,-23.775532547715773,332.1208836886715,310.26264914961104,290.1911338729445,0.08798041081883838,False,0.8380534285653081,18.96858362707483,126.26073292943386,-11.041975589960519,False,True,False,False,19,31.666666666666664,False,0.3791280268009402,2.9621446648767487,False,-1.7512781240520567,True,0.7765848859957014,True,1,0,0.501378482539595,False,0.7588928909217554,False,7,1,False,False,False,25.0,39.426083772078805,22.098399201948133,0.3239963828522697,24.0,False,6,1,2,4,-26.652175239894703,57.5,283120699.6214508,98.63013698630137,True,0.0,0,,,,0.0,0,,,,False,False,False,False,0,,none,0,0,False,-2,0.5,risk_on,6,False
VLY,14.555000305175781,-4.180377174121663,64.4260465875939,58.387312098272616,38.315796821606064,0.32681728521474446,True,1.011497133104026,4.809342456806515,25.551799372784934,-0.6484594937076427,True,True,False,True,27,45.0,True,0.4904200338330611,1.0299579190397041,True,1.6893947009814514,True,-0.17146514856715145,True,2,1,0.4273090509657507,False,1.5463563013284565,True,5,3,True,False,False,45.0,16.6185127807587,5.977326467315213,0.7446571844730562,3.0,False,5,4,5,5,-4.243417843309427,15.199999809265137,92710795.90621968,79.45205479452055,False,0.0,0,,,,0.0,0,,,,False,False,False,False,0,,none,0,0,False,-1,0.625,risk_on,6,False
VMC,277.2749938964844,-15.7451995635988,8.095181611743318,5.388866283021643,-14.68264899364491,0.16241127428312316,False,1.018298611565652,7.9938721604288565,-6.009594819314811,-8.737085375489151,False,True,False,True,25,41.66666666666667,True,0.4581482071427045,1.4355938644881767,True,-0.9580078641607376,True,-5.007030051903616,False,1,0,0.33839443573518924,False,0.9895479094661447,False,6,4,True,False,False,35.0,16.07610047767098,8.314847419810391,0.15000957553203312,17.0,False,1,2,2,4,-13.66453146880524,321.1600036621094,319834345.6429367,39.04109589041096,False,0.0,0,,,,0.0,0,,,,False,False,False,False,0,,none,0,0,False,-2,0.5,risk_on,6,False
VRNS,46.18000030517578,-27.05733801380389,128.72708808143312,-11.413774488830208,-31.48528976549676,0.11822356295438018,False,1.2201381055999754,8.553487953305066,41.74339382988559,14.84705634576471,False,True,False,False,31,51.66666666666667,True,0.53457847492663,3.277430830331368,True,3.936621571275145,True,-4.1709864677588415,True,1,2,0.4767380147730442,False,3.3128194426561417,True,1,1,False,False,False,25.0,35.91037663859109,12.559547853468706,0.8111298236404861,4.0,False,3,4,5,4,-6.78239916886727,49.540000915527344,110780878.57614136,23.972602739726025,False,0.0,0,,,,0.0,0,,,,False,False,False,False,0,,none,0,0,False,-1,0.625,risk_on,6,False
VSEC,200.64999389648438,-15.65638460509745,55.090099886635066,54.34004415718889,34.26852888052234,0.10587040311975694,False,1.0554437508478032,10.89958187950872,-4.290619193890455,-10.473068932302443,False,True,False,False,26,43.333333333333336,True,0.3848231773219511,1.9105083192547805,False,0.44387532957658116,True,-3.764990936937951,True,1,0,0.4325109575507769,False,0.7597018921227252,False,5,0,False,False,False,25.0,21.8323296237826,14.844539670799955,0.24192925208546603,11.0,False,2,1,2,3,-16.550450446617514,240.4446698278809,115488182.23451081,76.02739726027397,False,0.0,0,,,,0.0,0,,,,False,False,False,False,0,,none,0,0,False,-3,0.375,risk_on,6,False
WCN,168.1300048828125,-11.82942040874856,12.823782084593006,-7.067506856348937,-27.13902213301549,0.18950440875853022,False,1.0640218473011724,5.76935224250556,2.807446577732575,0.5983366067039642,False,True,False,True,23,38.333333333333336,False,0.42809889784769667,1.0488692010194691,False,2.1544714733842723,True,-0.8492082203269358,True,2,1,0.3517617968356981,False,2.0694663769638746,True,3,2,True,False,False,35.0,16.87510960966912,5.76935224250556,0.7122736511172378,2.0,False,1,3,3,5,-4.855413674986508,176.7100067138672,237645131.15776977,28.08219178082192,False,0.0,0,,,,0.0,0,,,,False,False,False,False,0,,none,0,0,False,-1,0.625,risk_on,6,False
WELL,246.19500732421875,0.0,57.925936888494235,55.92623918494013,35.85472390827358,0.12248403511103122,True,0.9103996911170492,5.893699740111893,31.86809199116403,8.108291372723508,False,True,False,True,33,55.00000000000001,True,0.468243789817867,1.0730922860234346,True,5.414255527239439,False,4.31991835771981,True,2,2,0.523765091305014,False,3.063591315521765,True,2,1,False,False,False,25.0,17.797677595383504,7.498123911813071,0.9855453131767765,0.0,True,8,3,6,5,-0.2572598558219674,246.8300018310547,702837078.9194275,76.71232876712328,False,0.0,0,,,,0.0,0,,,,True,False,False,False,1,,sepa_vcp,6,6,True,0,0.75,risk_on,6,False
WFRD,81.22000122070312,-27.104646782034724,53.95114798122622,53.95114798122622,33.87963270455967,0.3343500077395387,False,0.7814717226673323,6.3777397529210935,-1.7938721376485889,0.3707403096221862,False,True,False,True,19,31.666666666666664,False,0.35360064719940276,1.311472734559668,False,-4.982426665498282,True,-0.9632982501512899,True,2,0,0.5051079445479228,False,0.7115793383490563,False,7,0,False,False,False,25.0,24.51180732743563,9.806702594895878,0.13951659944958295,24.0,False,1,1,3,4,-21.092003322748443,102.93000030517578,126416333.82152557,75.34246575342466,False,0.0,0,,,,0.0,0,,,,False,False,False,False,0,,none,0,0,False,-2,0.5,risk_on,6,False
WLK,77.08999633789062,-37.148048065943065,39.45952831996604,-3.5107018920968125,-23.582217168763364,0.13177148294351365,False,0.823035550374205,5.32493958041792,-7.12601832563331,3.1718349551242087,False,True,False,True,20,33.33333333333333,False,0.37723485331216233,1.1488367758567564,False,-2.6007800715618883,True,0.06489540728082943,True,2,2,0.43780751666642426,False,1.6057903823128115,True,2,3,True,False,False,25.0,19.749885486022762,7.2123463778930645,0.3342837073028065,24.0,False,1,4,4,6,-13.147820546949184,88.76000213623047,84864680.01187134,34.24657534246575,False,0.0,0,,,,0.0,0,,,,False,True,False,False,1,,power_play,6,6,True,0,0.75,risk_on,6,False
WPM,108.3594970703125,-34.41148713886801,19.44317526906869,18.907433363880166,-1.1640819127863864,0.2900475575152863,False,0.7935864637183682,7.4843468543316805,-23.2825437691876,-2.317229989896019,True,True,False,True,22,36.666666666666664,False,0.3633969011889548,1.2151160799929352,False,-2.7801945565911064,True,-0.12028831784188787,True,2,0,0.5633662767077471,False,0.49334640396246443,False,4,0,False,False,False,25.0,23.61080371328164,9.191632467068688,0.21558913244090502,22.0,False,0,1,3,4,-18.52057102450275,132.99000549316406,196521759.5407074,50.0,False,0.0,0,,,,0.0,0,,,,False,False,False,False,0,,none,0,0,False,-2,0.5,risk_on,6,False
WTW,288.1700134277344,-16.845366146582275,19.452729621984233,-3.6180554818385335,-23.689570758505084,0.10393410787826028,False,1.1240522628739387,6.659264166019345,-9.82304019506156,9.26290693620504,False,True,False,True,19,31.666666666666664,False,0.4577351816274081,1.2192322374959472,True,2.9457997280266777,True,-0.19740140815893703,True,2,1,0.40543645750187746,False,1.4723690875704425,True,3,2,True,False,False,35.0,18.000463484240424,6.659264166019345,0.7455917867662017,2.0,False,1,3,3,4,-4.579465752405831,302.0,157102709.01746368,33.56164383561644,False,0.0,0,,,,0.0,0,,,,False,False,False,False,0,,none,0,0,False,-2,0.5,risk_on,6,False
WYFI,27.020000457763672,-39.64708469624759,150.64936110454244,,,0.3767207938852363,False,1.0277448455550329,29.50777699861827,40.94940193128749,-25.038141683017635,False,True,False,False,25,41.66666666666667,True,0.4564282120821999,7.490165263699039,True,-0.8027565801435518,True,-13.202694551250726,False,0,0,0.438852262813563,False,0.5755632108192072,False,5,1,False,False,False,,,,,,False,2,1,2,2,,,111830193.92276248,,False,0.0,0,,,,0.0,0,,,,False,False,False,False,0,,none,0,0,False,-4,0.25,risk_on,6,False
XENE,66.25499725341797,-6.630498720065836,118.66336277784497,110.40011983164698,90.32860455498042,0.05927615602678345,True,1.3887533690129954,5.750517464238111,59.68906862639183,10.186256571597841,False,True,False,True,24,40.0,True,0.42349844007628235,1.9962525122810333,False,3.072428528985564,True,-1.552757430837215,True,2,3,0.6125872701107816,True,2.8941263061202482,True,2,2,True,True,False,25.0,29.06688918541255,14.730967535776282,0.6967326905424781,8.0,False,7,6,6,6,-8.81503727756,72.66000366210938,119350338.74338837,93.83561643835617,True,0.0,0,,,,0.0,0,,,,True,True,False,False,2,power_play,sepa_vcp,6,6,True,0,0.75,risk_on,6,True
XMTR,103.0,0.0,232.57992342152116,195.9770179831191,175.90550270645255,0.212897572838682,True,1.0069728926871544,11.660196248767447,69.93895225668199,9.283819628647215,False,True,False,False,30,50.0,True,0.37781009938521765,2.0715709818834056,False,2.4188972976803575,True,6.021614392422592,False,0,3,0.6143776881538698,True,1.9466492606948034,True,2,0,False,False,False,25.0,18.217729389352982,14.834957678341171,0.9576941884278528,0.0,True,11,5,5,5,-0.7707158268183356,103.80000305175781,78413654.75185165,96.57534246575342,True,0.0,0,,,,0.0,0,,,,False,False,False,False,0,,none,0,0,False,-1,0.625,risk_on,6,False
XYZ,80.7300033569336,-1.3201249650284463,64.4530517539176,3.3939567926917213,-16.67755848397483,0.1600686089148619,False,0.9697647849015526,9.500802489792743,28.899891394114995,3.4734770962182804,False,True,False,False,25,41.66666666666667,True,0.40659257080270955,1.466035807158759,False,2.3109730097186394,True,0.9251225314749423,True,1,2,0.6281754802181669,True,1.9465976780788488,True,3,1,False,False,False,25.0,14.961942860482077,11.543416148440246,0.733704452581925,4.0,False,4,4,4,7,-3.984298764470029,84.08000183105469,418951087.8968719,37.67123287671233,False,0.0,0,,,,0.0,0,,,,False,True,False,False,1,,power_play,7,7,True,1,0.875,risk_on,6,False
YUMC,43.599998474121094,-23.844456759299714,8.511692740093801,-7.440990936820125,-27.512506213486677,0.15571221113776992,False,1.089783906868295,3.623857537500838,-6.972732487020561,6.731946395890698,False,True,False,True,17,28.333333333333332,False,0.4604160254669959,0.8987440489645516,True,0.186392267341521,True,0.6928388968741039,True,2,0,0.22123069329257072,False,0.37502046956737684,False,3,3,True,False,False,25.0,10.738101524038573,6.112387634850865,0.7142853758031205,24.0,False,1,3,4,5,-3.0680326415286174,44.97999954223633,63026117.50490093,27.397260273972602,False,0.0,0,,,,0.0,0,,,,False,False,False,False,0,,none,0,0,False,-1,0.625,risk_on,6,False
ZETA,21.656700134277344,-14.230890557317455,48.84329794076483,38.558541111386305,18.487025834719752,0.14617651021386277,True,1.0519374154245642,12.65197261877124,8.229384740429492,9.765335209037884,True,True,False,False,26,43.333333333333336,True,0.4781825141352583,3.1154636087924295,True,1.0229000350358517,True,-3.876167446749379,True,1,2,0.5084912704531421,False,1.320337750514953,True,0,1,False,False,False,25.0,23.864608647856535,13.113725244285273,0.6977917216270746,4.0,False,4,4,7,4,-7.212082293512346,23.34000015258789,180781800.7707714,68.4931506849315,False,0.0,0,,,,0.0,0,,,,True,False,False,False,1,,sepa_vcp,7,7,True,1,0.875,risk_on,6,False
ZION,68.44000244140625,-6.643016340704566,49.28239570260335,24.84273698908266,4.771221712416107,1.0351403135109123,True,1.2195794216200222,8.166851864898634,17.544695276483125,-1.5535015158374188,False,True,False,False,31,51.66666666666667,True,0.47176502863698466,1.1158008936262918,True,1.4470806710676807,True,-2.811695227240474,True,1,0,0.5493038061069414,False,1.133455794280581,False,6,2,True,False,False,35.0,17.357507994532302,8.166851864898634,0.6150828325979626,3.0,False,3,3,4,5,-6.681202810413589,73.33999633789062,119934623.60762939,56.849315068493155,False,0.0,0,,,,0.0,0,,,,False,False,False,False,0,,none,0,0,False,-1,0.625,risk_on,6,False
ZM,89.9000015258789,-19.646046002086017,28.85195048208875,20.70354118413156,0.6320259074650068,0.16248953186346762,False,0.731923836845546,5.728580432784399,10.550912276504576,4.364989740970815,True,True,False,True,23,38.333333333333336,False,0.4543854092696006,1.5809559936929827,True,-1.6515886305805583,True,-1.3713658574598164,True,2,2,0.5641516583107867,False,1.9651743747216428,True,2,1,False,False,False,25.0,14.650899198434702,10.478307017863221,0.5404335712769158,24.0,False,1,3,5,6,-6.733061422206532,96.38999938964844,279102770.84113234,52.73972602739726,False,0.0,0,,,,0.0,0,,,,False,True,False,False,1,,power_play,6,6,True,0,0.75,risk_on,6,False
ZS,149.0399932861328,-55.678473204436564,26.251579358949904,-48.327151450693314,-68.39866672735987,0.17104965627056287,False,0.8508826053485843,8.26623230033115,-27.76270453891272,8.313943804632506,False,True,False,False,25,41.66666666666667,True,0.5320427086643157,2.907692118637158,True,0.658172553915519,True,-2.0053935993145644,True,1,1,0.46009130964983197,False,2.1941369266167325,True,4,1,False,False,False,25.0,23.62084036874209,12.714705986239036,0.7858682933383319,4.0,False,2,3,3,3,-5.057970860941574,156.97999572753906,371001946.8548775,5.47945205479452,False,0.0,0,,,,0.0,0,,,,False,False,False,False,0,,none,0,0,False,-3,0.375,risk_on,6,False
ZSL,30.344999313354492,-87.78873267068231,97.17348041853846,-86.18169468581418,-106.25320996248072,0.5351644907719454,False,1.1216575295943456,16.80409068306842,11.562494346324304,-4.6354506461847915,False,True,False,False,26,43.333333333333336,True,0.3522477621295071,1.7340012935644795,False,2.2913556174598773,True,-1.28497222090026,True,1,1,0.4833631478164905,False,1.5389815644600906,True,4,2,True,False,False,25.0,38.33286158857317,20.728294802627282,0.6357247797590816,2.0,False,1,3,3,3,-13.963711597642137,35.27000045776367,70873077.09669952,0.684931506849315,False,0.0,0,,,,0.0,0,,,,False,False,False,False,0,,none,0,0,False,-3,0.375,risk_on,6,False
ZTS,75.05500030517578,-51.20151816037393,5.174225923601217,-48.09222096349268,-68.16373624015924,0.1658229425372401,False,0.8337579186603967,5.054366490722447,-38.40722183053023,3.1784375134707332,False,True,False,True,17,28.333333333333332,False,0.32714721219467363,1.0177872273763424,False,-0.7733680785321855,True,2.036189333091598,True,2,0,0.45379536714532787,False,0.6160628872833349,False,6,2,True,False,False,25.0,12.894574475302441,6.179041370682223,0.3882985663690374,24.0,False,1,2,3,5,-7.887629692603726,81.48199862266398,462378533.14284974,6.164383561643835,False,0.0,0,,,,0.0,0,,,,False,False,False,False,0,,none,0,0,False,-1,0.625,risk_on,6,False
