ticker,price,adv_usd
A,140.12750244140625,292509679.62203676
AA,42.970001220703125,293208958.9204277
AAL,15.154999732971191,2060097263.1636288
AAOI,82.0250015258789,929649331.7698723
AAON,87.80000305175781,106781809.58834915
AAP,58.029998779296875,93508231.38010255
AAPL,339.8800048828125,15289124288.125568
ABBV,266.29998779296875,1462737757.4750519
ABG,251.0449981689453,53657220.24857712
ABNB,154.27000427246094,477339867.03318405
ABT,109.16999816894531,1227225146.4237099
ABVX,123.36000061035156,181917888.97015685
ACA,145.21499633789062,109559060.28547668
ACGL,104.08000183105469,176236866.61473924
ACHC,28.670000076293945,96979260.22293997
ACI,12.0600004196167,120766780.40078492
ACIW,60.619998931884766,55603910.24432373
ACLS,117.11000061035156,66432439.38094024
ACM,72.68000030517578,100927676.70765762
ACMR,66.26000213623047,108144726.05290374
ACN,172.60499572753906,1161740371.132749
ADBE,262.4100036621094,1230102929.3752809
ADC,81.25,83746461.25919342
ADI,359.7300109863281,1449370344.976918
ADM,81.6449966430664,250876731.67310867
ADP,278.1099853515625,547089112.5043671
ADPT,22.1200008392334,55615990.509567164
ADSK,242.8300018310547,458401454.00079423
ADT,7.355000019073486,50841475.78716991
ADVB,9.720000267028809,58059932.98451929
AEE,111.12999725341797,156387068.4004818
AEHR,66.73999786376953,264434730.45087433
AEIS,260.125,188011624.34769288
AEM,141.13999938964844,352416285.32567674
AEO,17.395000457763672,71959837.44088173
AEP,131.05999755859375,539352516.8934937
AER,149.5399932861328,143393235.79921952
AES,14.824999809265137,118780287.76473674
AFG,144.68499755859375,59695821.5759552
AFL,129.82000732421875,222437342.97015077
AFRM,70.73999786376953,279842865.5100876
AG,15.129899978637695,157891665.51608324
AGCO,116.23999786376953,80363218.07975845
AGEN,6.599999904632568,63505024.02066779
AGI,28.399999618530273,113422705.28435135
AGNC,10.970000267028809,198386665.31568605
AGQ,61.98160171508789,134572750.62863922
AGX,503.54998779296875,190351983.97485048
AHR,56.90999984741211,147098704.242136
AIG,80.73500061035156,269375365.2206955
AIR,135.9149932861328,65092824.65967178
AIT,334.7749938964844,92227241.44542694
AIZ,282.0299987792969,86591730.36632538
AJG,267.9549865722656,377704448.59042966
AKAM,109.02999877929688,416938172.7116089
ALAB,253.44000244140625,1509243763.6347108
ALB,113.29000091552734,243256729.7853039
ALC,69.5,150020263.7273941
ALGM,42.97999954223633,132848808.44789258
ALGN,180.52000427246094,155445804.56035385
ALHC,18.3700008392334,92463818.68316412
ALK,46.900001525878906,148493028.68802872
ALKS,48.90999984741211,84557685.15026169
ALL,275.5199890136719,395408843.5918976
ALLE,157.39999389648438,201897810.38977355
ALLY,44.290000915527344,142088026.26840895
ALM,11.079999923706055,83040420.11610422
ALNY,288.79998779296875,440688201.5532166
ALSN,117.4000015258789,175281118.41115838
ALV,124.37999725341797,92814445.39536476
AMAT,454.32000732421875,4920994832.120608
AMBA,66.9800033569336,123834080.77523232
AMCR,45.290000915527344,142437238.0697647
AMD,433.5799865722656,13765048990.05037
AME,236.92999267578125,225666204.9377533
AMG,364.9049987792969,89452219.41079864
AMGN,391.57000732421875,816673826.4360107
AMH,33.66999816894531,60967110.9406929
AMKR,45.779998779296875,354512921.35521924
AMP,545.7999877929688,322043070.32507324
AMPX,8.679900169372559,65849923.65281153
AMRZ,49.3650016784668,125389271.78063679
AMT,173.72500610351562,497368116.2853058
AMZN,228.11000061035156,9060826985.540821
AN,227.81100463867188,73129685.08528748
ANET,162.94000244140625,1261158482.637561
ANF,101.16999816894531,90797312.45331268
AON,374.510009765625,424012020.0833374
AOS,62.22999954223633,96576915.84438057
APA,36.20000076293945,168443193.78051892
APD,292.6000061035156,352081799.83414614
APG,38.18000030517578,103612202.26567459
APGE,134.13499450683594,179733388.21665573
APH,152.36000061035156,993498817.5089569
APLD,24.264999389648438,561099184.3969444
APO,121.16500091552734,502686972.4225365
APP,405.8699951171875,2492194235.55213
APPF,187.74000549316406,68840939.4724739
APTV,58.63999938964844,128952352.29762879
AR,35.119998931884766,147959298.96038532
ARCC,18.9950008392334,82495112.24988432
ARE,55.380001068115234,75111298.02266502
ARES,124.33000183105469,221551195.38643113
ARGX,881.3699951171875,261907686.24266356
ARM,232.77999877929688,1603129004.6612854
ARMK,57.47999954223633,137041207.10002726
AROC,35.470001220703125,57232459.42671356
ARR,16.405000686645508,71555917.96598387
ARW,205.3699951171875,106637767.90197448
ARWR,85.80000305175781,187151369.17165452
AS,35.16999816894531,124502071.37024765
ASB,30.940000534057617,64922814.97928028
ASML,1554.64990234375,3518032269.3657713
ASND,255.2949981689453,132414914.60412827
ASO,49.4900016784668,61810411.53581314
ASTS,56.90999984741211,994982934.1935396
ASX,32.369998931884766,400608256.52065694
ATAI,7.175000190734863,134142575.65804315
ATI,179.9499969482422,245436676.23863983
ATO,179.35000610351562,173361690.76309204
ATR,135.3249969482422,54910619.68052292
AU,77.04000091552734,170786388.6251255
AUGO,53.90999984741211,50397822.93923302
AUR,6.175000190734863,139393981.94756752
AVAV,146.94500732421875,276000060.46413577
AVB,191.16000366210938,150160406.5460907
AVGO,377.9750061035156,7655553095.836151
AVT,84.54000091552734,81472841.0917755
AVTR,13.824999809265137,123026981.15501252
AVY,167.2550048828125,110596780.77146606
AWI,175.42999267578125,89746456.91096497
AWK,137.86500549316406,273364805.9963287
AXGN,42.83000183105469,53628293.10736847
AXON,548.030029296875,492078806.9316101
AXP,334.1400146484375,1058616609.5372009
AXS,106.68499755859375,75303452.23345642
AXSM,230.6750030517578,169719509.3938263
AXTA,35.02050018310547,50823078.3353611
AXTI,40.28499984741211,416777824.9543459
AYI,332.885009765625,105695086.30946045
AZN,173.7449951171875,496293096.23283994
AZO,3129.409912109375,587701555.8762817
B,35.8650016784668,277083478.88172436
BA,211.85000610351562,1141355258.8874497
BA-PA,65.81999969482422,65959305.57406044
BABA,114.62000274658203,1304525569.7864118
BAC,62.05500030517578,2001088588.3003612
BAH,71.02999877929688,157932368.94911116
BALL,65.12999725341797,112514154.21282844
BAM,47.20000076293945,96160121.65151481
BANC,19.385000228881836,60841275.92194052
BAND,38.40999984741211,75642730.05700627
BAP,384.67999267578125,103635616.66679688
BAX,24.670000076293945,121031411.41256571
BB,7.945000171661377,237294415.1440826
BBIO,84.47000122070312,282138162.0084305
BBWI,19.889999389648438,99905128.3872612
BBY,90.25,270457015.12276155
BCE,22.03499984741211,81327784.17551461
BCO,120.41999816894531,63450995.17472458
BCS,26.28499984741211,149516204.74968433
BDC,102.55999755859375,54841915.04737091
BDX,167.125,257273623.30157775
BE,163.34500122070312,3266752796.772316
BEAM,25.93000030517578,73995019.95570984
BEKE,16.704999923706055,58996578.58363752
BELFB,242.77000427246094,76464064.1586113
BEN,32.66999816894531,137294480.3831566
BEPC,32.060001373291016,54430934.012742616
BF-B,29.174999237060547,64743825.02297554
BFAM,81.69999694824219,62237532.085357666
BFH,108.67500305175781,68653288.71034622
BFLY,7.295000076293945,56033716.5833869
BG,108.29499816894531,142354692.46289366
BHP,82.7699966430664,195330382.7146759
BIDU,104.69000244140625,242442439.6834976
BIIB,215.3699951171875,284199741.1717377
BILL,47.244998931884766,98161941.9432619
BIO,331.94000244140625,90185074.3105774
BIRK,41.630001068115234,55276521.54223156
BIYA,5.360000133514404,55062508.838439465
BJ,99.66999816894531,148053397.70994645
BKD,15.119999885559082,72127075.42132635
BKH,73.91500091552734,51030209.91682281
BKNG,199.4499969482422,1072328306.5967712
BKR,59.68040084838867,544740219.1227134
BKU,46.78499984741211,52219611.643523596
BLDR,69.2699966430664,148494826.67064324
BLK,1098.6300048828125,814980452.7404114
BLLN,131.9250030517578,77499424.53323822
BMI,131.42999267578125,72982329.0790451
BMNR,17.17009925842285,563437811.9213191
BMO,176.2050018310547,140149211.0849739
BMRN,61.97999954223633,88210736.4055767
BMY,63.189998626708984,595409071.2772036
BN,41.48500061035156,141361436.47276917
BNO,50.27000045776367,92539274.0688738
BNS,86.70999908447266,235326731.88178292
BNTX,92.54000091552734,67869812.89302254
BNY,154.89999389648438,595548561.6083282
BOIL,19.970500946044922,98436640.35111848
BOOT,152.5,89078435.81228638
BOX,32.310001373291016,78730976.38895778
BP,43.28499984741211,319702783.4466251
BPOP,174.67999267578125,84303254.75451355
BR,161.5749969482422,136014433.43996125
BRBR,13.324999809265137,51933669.104994535
BRK-A,763500.0,124898770.0
BRK-B,509.0950012207031,1934451598.0726624
BRKR,62.029998779296875,114619396.26117477
BRO,75.16999816894531,182880103.8534462
BROS,64.81500244140625,167404353.5202667
BRX,31.770000457763672,68034389.80637932
BRZE,26.059999465942383,54563380.76544285
BSP,32.90999984741211,121227541.45977859
BSX,46.11000061035156,787048672.3980675
BSY,36.33000183105469,81869405.55221443
BTDR,9.270000457763672,104651787.78860092
BTI,63.16999816894531,238174398.5542755
BTSG,71.23999786376953,298717533.8635052
BTU,20.738500595092773,53713826.12462731
BUD,83.70999908447266,141282556.54590225
BULL,7.179999828338623,66333367.33194141
BURL,372.2449951171875,200995084.53690797
BWA,62.314998626708984,137764484.28555393
BWXT,162.15020751953125,144698052.7276184
BX,129.0449981689453,567399792.1399391
BXP,74.0250015258789,89366424.77810287
BYD,90.20999908447266,86184852.03604317
C,129.1746063232422,1681980386.1949928
CACC,569.989990234375,84969135.91027832
CACI,495.82000732421875,128395029.77261353
CAG,15.539899826049805,221360820.70118418
CAH,232.53500366210938,511330115.0208572
CAI,15.75,54771832.777473256
CAKE,99.11000061035156,125008107.41613618
CALM,94.48999786376953,85570038.13895988
CALX,36.56999969482422,53119718.45933151
CAMT,132.9600067138672,70359532.63489762
CAR,148.16000366210938,80769198.31549987
CARR,60.845001220703125,409954563.07129824
CART,45.814998626708984,180913908.69420472
CASY,877.8049926757812,310303347.7905914
CAT,793.7550048828125,2581547531.788202
CAVA,65.06999969482422,221283791.30178833
CB,363.9700012207031,718696437.7436234
CBRE,150.32249450683594,224357680.94893646
CBRL,55.54010009765625,50212165.35264359
CBRS,178.77999877929688,1064366519.6667633
CBSH,60.849998474121094,69407764.76265907
CBZ,54.525001525878906,51032846.64630699
CCC,6.190000057220459,58867359.6607395
CCEP,110.58000183105469,193222286.20332488
CCI,76.31999969482422,304888339.91703415
CCJ,84.92749786376953,334815466.9842827
CCK,119.08999633789062,131296541.62219849
CCL,27.834999084472656,480098388.2835468
CCXI,13.380000114440918,64585569.86383786
CDE,14.260000228881836,408866782.5687435
CDNL,58.345001220703125,52144677.222985074
CDNS,340.42999267578125,763153897.3479309
CDW,145.2100067138672,234987969.01481017
CE,43.595001220703125,79560552.47799988
CECO,62.817501068115234,60028406.14698239
CEG,258.7449951171875,765799841.2052276
CELC,81.0199966430664,169597616.287265
CELH,28.850000381469727,232339710.23676243
CENX,42.650001525878906,79220188.3969101
CF,127.19499969482422,273153870.36478883
CFG,72.58000183105469,357234228.55654985
CFR,168.0050048828125,90521496.12503967
CG,45.16999816894531,112691614.27787629
CGNX,58.150001525878906,126645087.50915107
CGON,68.41500091552734,67016376.10825767
CHD,99.5250015258789,148266153.43775672
CHDN,88.84950256347656,65900947.05708084
CHE,540.0349731445312,78347520.88861695
CHEF,109.98500061035156,52384480.24687576
CHH,115.16000366210938,64665516.7493393
CHKP,137.72000122070312,166556064.51463318
CHRD,134.67999267578125,93226253.32918854
CHRW,165.89999389648438,340440181.7900238
CHTR,142.38999938964844,377292553.58835375
CHWY,22.635000228881836,169756906.47529858
CHYM,22.350000381469727,103865072.40686207
CI,297.9750061035156,444702938.25201416
CIEN,337.1499938964844,767053750.1123673
CIFR,18.479999542236328,545072081.3066885
CINF,179.875,166043422.9707306
CL,92.4000015258789,383765750.1570568
CLBK,10.904999732971191,92865055.75083394
CLF,11.1850004196167,267246771.90443453
CLH,324.55499267578125,128935539.22710876
CLS,332.93499755859375,751145188.5637757
CLSK,12.34000015258789,309553424.4036585
CLX,99.44999694824219,211856441.18304825
CM,116.88999938964844,141753840.30526656
CMC,68.56999969482422,75213015.92610511
CMCSA,24.43000030517578,807501066.3647957
CME,262.9200134277344,691763785.3498337
CMG,34.224998474121094,541558890.8672673
CMI,612.510009765625,543136809.8192139
CMPS,10.801799774169922,57904209.6904047
CMS,74.27999877929688,247218554.8771515
CNC,63.04499816894531,295344937.63508224
CNH,10.854000091552734,108257559.04150295
CNI,129.39500427246094,189587436.6958603
CNK,35.099998474121094,77079603.11245613
CNM,42.040000915527344,90670139.23586044
CNP,43.6349983215332,270836110.1734831
CNQ,45.970001220703125,335864910.3483124
CNX,34.70000076293945,54607903.87650261
COCO,67.22000122070312,84247346.54016113
COF,212.3800048828125,879828029.4346039
COGT,39.779998779296875,81836812.92329025
COHR,228.71499633789062,1307474261.0935166
COHU,40.58000183105469,56139713.83657761
COIN,165.9600067138672,1090889113.1542473
COKE,194.8000030517578,98281101.5639328
COLB,31.200000762939453,92313132.48449555
COLD,14.675000190734863,64044072.545427755
COMP,11.494999885559082,147231547.91908535
COO,72.73999786376953,156483059.64328614
COP,118.0199966430664,676931371.491586
COR,320.6099853515625,412487052.48291016
CORT,93.3499984741211,100652471.62873879
CORZ,19.15999984741211,245901371.10207462
COST,969.8200073242188,2070169600.4046264
CP,90.84500122070312,209131974.75944978
CPAY,388.5050048828125,168822118.04485473
CPB,22.96500015258789,134237697.37040862
CPNG,15.0649995803833,304114287.6492995
CPRI,15.479999542236328,53916981.59943123
CPRT,31.145000457763672,345755457.5850153
CPT,115.49500274658203,101182403.94337273
CR,210.27049255371094,99793241.16526718
CRBG,31.795000076293945,111919220.89110012
CRCL,62.869998931884766,839057223.9002087
CRDO,182.2449951171875,1389549630.4072204
CRGY,10.84000015258789,57809605.55204773
CRH,100.5,372968631.6019074
CRL,238.15499877929688,184145830.31861418
CRM,185.80999755859375,2069291288.8427033
CRNX,83.8949966430664,712436008.1956921
CROX,133.83999633789062,117579694.88222809
CRS,536.864990234375,351357001.5322021
CRSP,47.369998931884766,86897282.34907952
CRUS,133.13499450683594,85778136.64112091
CRWD,180.14999389648438,1630172671.7294312
CRWV,63.400001525878906,1999114810.8005695
CSCO,115.44999694824219,2330422837.578084
CSGP,29.190000534057617,203944702.11286792
CSL,323.8800048828125,177435044.4104004
CSX,50.57500076293945,653521555.6886489
CTAS,218.21499633789062,478710961.8410614
CTRE,42.209999084472656,90917210.5813301
CTSH,54.720001220703125,393339030.25025177
CTVA,88.83999633789062,280904950.14118654
CUBE,42.7484016418457,82951057.42901763
CVCO,570.5150146484375,51615655.03467407
CVE,28.920000076293945,189112661.32706842
CVLT,122.02999877929688,97917939.41194458
CVNA,67.55999755859375,571167196.1279061
CVS,107.8949966430664,758457061.4673259
CVX,191.89999389648438,1342876262.2317796
CW,694.9625244140625,153368327.8218872
CWST,92.0,61651322.60607605
CX,11.800000190734863,72053793.7687294
CYTK,79.69000244140625,139811103.56272584
CZR,29.7450008392334,107038711.30948381
D,70.37000274658203,314906977.813052
DAL,87.25,592656842.9266983
DAR,58.375,124385573.00496674
DASH,195.5050048828125,678614900.1548249
DAVE,399.80999755859375,193037855.53074646
DB,35.900001525878906,69267965.2100029
DBX,33.05500030517578,103355678.5805912
DCI,92.63500213623047,60920476.92188454
DCO,171.9199981689453,55377884.79961624
DD,137.7050018310547,158270509.6173172
DDOG,256.9700012207031,963208256.4077133
DDS,588.0850219726562,63473242.938308716
DE,613.6699829101562,635620191.0254943
DECK,101.66500091552734,229447147.06842422
DELL,380.8500061035156,2749421297.171674
DEO,87.86000061035156,78032931.04170609
DFNS,34.94089889526367,110586324.1513937
DFTX,41.755001068115234,84031279.08389282
DG,126.72000122070312,294795125.6189941
DGX,235.1699981689453,235947939.84115067
DHI,149.4250030517578,374149022.53233796
DHR,200.7899932861328,1224045837.3727546
DIA,518.5449829101562,1823899374.9199524
DINO,89.16999816894531,231821857.36701202
DIS,99.0,954818481.6003555
DK,64.125,70143512.70497283
DKNG,24.299999237060547,258943444.8956898
DKS,209.83749389648438,217641705.71968842
DLR,186.6199951171875,651693328.6032135
DLTR,127.95989990234375,357092414.58732605
DNTH,102.07499694824219,92178256.71970367
DOC,22.635000228881836,128795389.27604666
DOCN,109.18000030517578,425574430.0770985
DOCS,21.809999465942383,60025353.018306926
DOCU,57.71500015258789,147745676.63981837
DOV,198.39999389648438,260792960.69881135
DOW,29.850000381469727,305175056.75419474
DOX,56.70000076293945,65929105.133405685
DPC,44.46500015258789,63778823.47378139
DPZ,357.8550109863281,315919588.6317978
DRI,210.65499877929688,273348959.7131561
DT,44.189998626708984,177201774.5811495
DTE,144.97999572753906,184341305.7935173
DTM,138.2449951171875,95266114.0129303
DUK,129.08999633789062,442950298.70761263
DUOL,140.4499969482422,123934757.60241012
DVA,240.85499572753906,156484404.9039833
DVN,44.025001525878906,467210995.0273075
DX,12.904999732971191,77039433.51289368
DXCM,75.43000030517578,304319626.2994167
DY,385.30999755859375,168661363.25218505
DYN,25.579999923706055,62894003.00927849
EA,208.72000122070312,458698784.64971924
EAT,204.97999572753906,190060891.38959655
EBAY,115.75499725341797,360513201.182238
EBC,23.329999923706055,59722236.50831346
ECG,112.01499938964844,73382699.10005188
ECHO,83.40499877929688,451772617.89930725
ECL,279.5199890136719,306331812.5172806
ED,111.625,226590030.4057785
EFX,188.45899963378906,319266620.4710457
EG,397.31500244140625,127648594.67054443
EGO,31.269800186157227,58661764.850376986
EGP,205.6199951171875,96924657.4643341
EHC,115.0999984741211,99150005.16334915
EIX,78.9800033569336,167687401.44025534
EL,83.18000030517578,180714438.4194683
ELAN,25.6299991607666,104275328.42440252
ELF,81.4375,187957879.65085298
ELS,66.38999938964844,103431073.4820137
ELV,381.1300048828125,626337456.6067749
EMBJ,67.23999786376953,56551470.67402764
EME,681.7100219726562,329510200.95462644
EMN,67.28500366210938,79340935.52078247
EMR,147.22999572753906,330243983.39964294
ENB,55.375,181510336.31206053
ENPH,36.65959930419922,184355702.05457228
ENS,179.44500732421875,85566205.34785156
ENSG,182.2100067138672,85144358.941185
ENTG,111.69999694824219,411311651.301226
ENVA,248.72000122070312,88817511.76877746
EOG,144.89500427246094,394877934.5708885
EPAM,104.9800033569336,131982812.0072712
EPD,38.9900016784668,104824547.95370197
EPRT,32.099998474121094,50984379.37548294
EQH,48.650001525878906,115572054.70016098
EQIX,1009.3300170898438,519604476.98771363
EQNR,40.76499938964844,146157030.9923172
EQPT,17.959999084472656,65582734.85191345
EQR,68.30999755859375,192849846.65686187
EQT,52.72999954223633,387135149.6990652
EQX,8.789999961853027,104404443.46166663
ERAS,17.479999542236328,89462659.49146843
ERIC,9.875,171800320.90600032
ERIE,247.24000549316406,63542369.427661896
ES,74.73999786376953,144716314.1699295
ESAB,85.33999633789062,55392420.86637268
ESE,305.2950134277344,63438469.255815126
ESI,34.79999923706055,279503576.685701
ESLT,779.0399780273438,58826130.518405154
ESS,294.95001220703125,133290474.0776947
ESTC,62.91999816894531,91137354.68564987
ET,20.34000015258789,163463143.45342237
ETHA,14.280099868774414,400211255.20985794
ETN,365.510009765625,811520832.8651489
ETR,108.69499969482422,293689024.00285876
ETSY,84.91000366210938,197862136.80576628
EVR,308.82501220703125,147442563.89136964
EVRG,84.61000061035156,166683919.14290696
EW,85.23999786376953,441832477.8255104
EWBC,131.5,118086792.5944458
EXC,47.0099983215332,400863638.3917631
EXE,92.27999877929688,354104955.9790436
EXEL,55.79999923706055,122246758.31715679
EXLS,34.834999084472656,60540357.87293968
EXP,217.35499572753906,96324710.1281929
EXPD,169.89999389648438,209376135.15206605
EXPE,301.8999938964844,361746691.68266904
EXR,155.38999938964844,156866447.4496544
EXTR,29.309999465942383,51786490.79607697
F,15.739899635314941,727211034.7519538
FAF,79.61000061035156,58751701.732120514
FANG,198.42999267578125,362784727.9124969
FAST,47.46500015258789,389287210.4735403
FBIN,48.439998626708984,111064410.88876629
FBRX,76.55500030517578,126295802.04837838
FCEL,19.31999969482422,261843950.2580765
FCFS,202.92999267578125,96307539.37657166
FCN,171.9149932861328,50746165.47936249
FCNCA,2195.10009765625,179209189.82434082
FCX,59.084999084472656,883726787.7700093
FDS,289.1199951171875,247289487.5414978
FDX,310.07501220703125,481457533.6570862
FDXF,147.60989379882812,177336237.5319275
FE,49.67499923706055,190152394.4395052
FER,62.7599983215332,93516394.43640251
FERG,224.5449981689453,263735751.7328804
FFIV,399.0199890136719,248028409.70091552
FHB,28.225000381469727,84871914.16850825
FHN,25.7450008392334,144286506.65220118
FICO,1387.489990234375,286725353.3954834
FIG,24.469999313354492,474600433.96275586
FIGR,25.739999771118164,85800010.618398
FIS,45.83000183105469,214897445.97243118
FISV,55.35499954223633,320678835.81770784
FITB,57.470001220703125,354732600.63984984
FIVE,209.9550018310547,209309230.95602646
FIVN,27.610000610351562,54050072.57639809
FIX,1550.39013671875,874476208.8719482
FLEX,106.05000305175781,571274739.9499657
FLG,14.029999732971191,61672257.18570437
FLNC,12.479999542236328,116785069.35380344
FLR,47.709999084472656,96107717.2062149
FLS,70.31999969482422,121787188.63167839
FLUT,108.83000183105469,211738105.44753113
FLY,18.135000228881836,76265751.59383726
FMX,123.56500244140625,62177648.096954346
FN,421.29998779296875,359994483.65434265
FNB,19.104999542236328,123905106.3044304
FND,55.4900016784668,117728158.79623508
FNF,54.54499816894531,71779202.9329483
FNGU,24.079999923706055,114903070.71676874
FNV,209.58999633789062,134713527.7127838
FORM,85.70999908447266,159567272.467379
FOUR,55.279998779296875,51388044.61097336
FOX,52.3650016784668,65887551.91504192
FOXA,58.56999969482422,287687193.2176498
FPS,29.6200008392334,457963704.9926871
FR,64.7300033569336,87977655.16488075
FRMI,6.114999771118164,121833431.70282754
FRO,38.650001525878906,73608491.64439507
FROG,74.75,187832119.90855867
FRPT,61.7599983215332,66791683.031738475
FRSH,11.569999694824219,191064038.30652982
FRT,125.30500030517578,95650322.11756591
FRVO,19.237600326538086,77285180.44873953
FSLR,200.85499572753906,369041373.54368365
FSLY,20.25,89389170.24385186
FSS,113.1449966430664,63542748.13264809
FTAI,200.55499267578125,290628831.1410278
FTI,72.05999755859375,256280395.82980043
FTNT,146.3300018310547,716015019.8178933
FTV,61.540000915527344,155699032.44090956
FUTU,102.69999694824219,147043944.7216011
FWONK,102.54750061035156,177905252.9059456
G,36.439998626708984,59201313.11129837
GAP,20.010000228881836,138462477.37755737
GBCI,49.23500061035156,61973383.14476395
GBTC,49.60499954223633,68890011.40378952
GD,389.4849853515625,415139515.9112854
GDDY,103.01000213623047,140834856.58180618
GDS,29.635000228881836,55946643.74868631
GDXU,72.33000183105469,115972431.51154709
GE,355.2550048828125,1375203685.2449768
GEHC,71.44999694824219,343685246.9633789
GEN,27.900999069213867,106772574.9673317
GEV,919.5800170898438,2985535804.6567016
GFI,32.02000045776367,113090567.94595222
GFL,40.60499954223633,110441578.66656685
GFS,47.56999969482422,207734525.8013649
GGG,81.48500061035156,104526110.12770692
GH,143.43499755859375,358393576.2118591
GIL,51.16999816894531,60662643.857601166
GILD,133.05999755859375,839486818.6224823
GIS,38.2400016784668,389576064.9739326
GKOS,157.5850067138672,101705934.22508469
GL,178.68499755859375,114241670.73516846
GLD,367.54998779296875,2258083376.494345
GLDM,79.26000213623047,239306989.52780724
GLNG,48.52000045776367,56554092.58997612
GLOB,37.31999969482422,58994627.6592144
GLPI,45.654998779296875,109845557.27522735
GLW,127.44499969482422,2217767095.596521
GLXY,19.610000610351562,141172140.3221199
GM,90.61000061035156,580629561.5404915
GMAB,28.469999313354492,57107212.80982208
GME,21.79010009765625,72126129.69165497
GMED,80.34010314941406,131888473.68069687
GNRC,196.53500366210938,218319709.3916107
GNTX,24.209999084472656,62166612.02552261
GOOG,333.5150146484375,6460609860.557312
GOOGL,334.5400085449219,9619892596.762798
GOOGM,48.52000045776367,123571403.3648283
GOOGN,48.33000183105469,137712277.6544342
GPC,129.0749969482422,260052483.12593156
GPI,366.82501220703125,54396037.74414368
GPN,86.9800033569336,246408674.7434326
GPOR,156.63499450683594,54951153.69655685
GRMN,294.70001220703125,205741524.58880615
GS,997.3699951171875,1993944410.3433533
GSAT,78.75,72970978.49052429
GSK,52.75,220823989.30311203
GT,7.315000057220459,73880803.83767433
GTLB,34.18000030517578,129276029.7403656
GTX,29.43000030517578,71719579.83419952
GVA,117.33499908447266,101852691.23808937
GWRE,165.125,177384643.52513427
GWW,1367.050048828125,335139914.547876
GXO,51.845001220703125,61356129.31235047
H,185.5050048828125,124906800.33465882
HAL,31.264999389648438,395578700.69892275
HALO,83.04000091552734,134236463.3455967
HAS,95.34159851074219,208052446.4962654
HBAN,17.104999542236328,433415292.7905523
HBM,21.959999084472656,98011281.24729462
HCA,409.739990234375,692856317.5938721
HCC,77.51000213623047,50697105.80654488
HD,338.7950134277344,1205139708.246437
HDB,23.80500030517578,234977332.93679696
HEI,354.6600036621094,146355758.3894806
HEI-A,257.07000732421875,52069285.123184204
HIG,144.47999572753906,230735648.07211
HII,290.79998779296875,122970770.59777832
HIMS,27.989999771118164,474267864.1343425
HL,13.994999885559082,581144386.4133625
HLI,140.73500061035156,120088949.36517715
HLN,10.140000343322754,94808498.24467936
HLNE,88.56999969482422,57983173.51230164
HLT,322.739990234375,635020433.2756774
HNGE,75.5,131454364.81171569
HOG,24.6299991607666,68943006.41588077
HOMB,31.635000228881836,58175477.00286684
HON,242.4250030517578,864763573.4936867
HONA,206.7899932861328,740886136.2909501
HOOD,90.23999786376953,2285894626.323085
HPE,45.5,772545964.4016526
HPQ,28.530000686645508,340253265.20169544
HQY,103.02999877929688,72741804.1884552
HR,21.780000686645508,74429472.90313187
HRB,46.619998931884766,72130769.69337234
HRI,141.05999755859375,79523966.37063904
HRL,26.03499984741211,87367529.15778866
HSBC,102.94000244140625,123680716.37596741
HSIC,85.83999633789062,110091848.60326385
HST,25.46500015258789,212384391.59147185
HSY,184.99000549316406,319079145.5218811
HTHT,43.51499938964844,58842090.1094017
HUBB,464.95001220703125,267124681.9156952
HUBS,249.8300018310547,302309478.1902298
HUM,365.1199951171875,528700704.44957274
HUT,91.38999938964844,421344394.8112793
HWC,77.1500015258789,72294908.88456535
HWM,280.19000244140625,531200179.57492673
HXL,105.8499984741211,109981077.4268322
IAG,13.87030029296875,68968541.81038761
IAU,75.33999633789062,361005090.2298492
IAUM,39.939998626708984,67395815.56432724
IBIT,36.27000045776367,1293470135.0783124
IBKR,87.63999938964844,396945209.38892365
IBM,226.08999633789062,3164999715.9317827
IBN,29.969999313354492,212374105.56032935
IBP,232.39999389648438,86210565.00123139
IBRX,6.894999980926514,79432839.78362378
ICE,153.9550018310547,557590849.7120705
ICHR,64.58499908447266,97740937.74636078
ICLR,176.8000030517578,119943324.30027771
IDA,145.89999389648438,78912922.70079651
IDCC,265.0,63110487.19180298
IDXX,567.4550170898438,321732702.2345886
IESC,513.2000122070312,131190514.20143127
IEX,226.61500549316406,145821351.8291214
IFF,77.7300033569336,140356102.448423
ILMN,193.4600067138672,321062817.9624176
IMAX,47.0099983215332,58792146.28660126
IMO,128.3699951171875,58001969.549656674
INCY,126.7750015258789,212323902.74481925
INDV,40.970001220703125,59450825.75362778
INFQ,9.11989974975586,106117421.28433743
INFY,12.508999824523926,292171651.27257913
ING,32.814998626708984,72481105.5839243
INGR,102.6500015258789,65527080.84942398
INIO,23.81999969482422,152674337.88017845
INOD,55.0,60924758.317085266
INSM,105.08000183105469,241485517.04644853
INTC,84.23500061035156,11435063335.163174
INTU,328.69000244140625,1184858489.3149598
INVH,30.030000686645508,105191914.29142722
IONQ,32.8849983215332,693486100.902318
IONS,55.099998474121094,271322053.8185501
IOT,38.369998931884766,192628441.02477455
IP,42.90999984741211,207168920.61782017
IQV,245.85000610351562,298622432.8006485
IR,84.5,310046392.6439804
IRDM,44.86000061035156,93417242.61797333
IREN,31.01930046081543,1688946043.7605412
IRM,121.92500305175781,239772336.64646834
IRTC,120.22000122070312,58691226.84930573
ISRG,356.6400146484375,1468540238.5036926
IT,163.30999755859375,165518921.49858397
ITRI,101.88999938964844,87083011.767379
ITT,191.5449981689453,167130521.64446107
ITUB,8.175000190734863,156296809.37075526
ITW,291.7900085449219,391180337.6245117
IVZ,28.21500015258789,138006850.57878512
J,137.38999938964844,107971730.05258942
JAZZ,255.52000427246094,169448289.06138915
JBHT,271.3800048828125,299449969.89837646
JBL,291.94500732421875,341104878.86454165
JBLU,5.954999923706055,192697382.1638441
JBS,14.050000190734863,55075400.11158071
JBTM,139.72999572753906,62079031.61301041
JCI,137.18499755859375,511507956.298172
JD,32.032501220703125,212835360.73362273
JEF,55.5,90242240.9159172
JHX,26.260000228881836,166863726.6444891
JKHY,161.52999877929688,172448102.6902237
JLHL,5.552199840545654,74366277.47927466
JLL,344.7799987792969,114695540.82409516
JNJ,266.3450012207031,2019434477.885472
JOBY,6.815000057220459,383351514.8708942
JPM,351.0400085449219,3250175581.9265547
JXN,122.36000061035156,70598354.3898468
KBH,57.400001525878906,56361355.0857933
KBR,35.90999984741211,55262154.76412888
KDP,31.020000457763672,386908009.4743574
KEX,136.0500030517578,86297871.00185928
KEY,22.520000457763672,240846546.47632295
KEYS,300.2449951171875,402700385.6390747
KGC,23.0049991607666,165431047.27360582
KGS,56.4900016784668,106316365.44799805
KHC,27.6200008392334,319322309.1674309
KIM,26.100000381469727,93959301.49885873
KKR,99.95999908447266,331764127.2885994
KLAC,179.9600067138672,2829707380.11246
KLAR,18.59000015258789,77613938.6010643
KLIC,84.73999786376953,101663701.48655853
KMB,112.75,385287134.768898
KMI,31.885000228881836,285939196.20814896
KMX,60.75,153107510.84762803
KNSL,374.1300048828125,108724479.7138855
KNX,69.0199966430664,285720508.6758278
KO,90.09500122070312,1421251314.8313384
KOLD,30.1200008392334,58274343.8186636
KR,60.060001373291016,434055737.4813713
KRC,39.94499969482422,51218776.28870849
KRG,28.93000030517578,67444794.26305199
KRMN,46.369998931884766,188242624.3350525
KRYS,360.5299987792969,194408269.8896591
KSS,18.559999465942383,57534779.784635544
KTB,85.37000274658203,59269360.83649559
KTOS,45.869998931884766,189055439.1881361
KVUE,19.635000228881836,332852737.02443695
KVYO,19.290000915527344,68555122.54317856
KYMR,105.125,69279873.36527252
L,119.01000213623047,87272124.43957977
LAD,408.3699951171875,90706975.86751708
LAMR,163.6300048828125,80131258.57510987
LASR,60.29499816894531,74668225.3602005
LAZ,41.185001373291016,73725059.2006979
LBRDK,33.4900016784668,50335494.26872768
LBRT,17.31999969482422,104850070.12632103
LCID,7.7677001953125,156933807.01800108
LCII,106.16000366210938,50197015.107307434
LDOS,116.1050033569336,151256218.21669197
LEA,148.6199951171875,63921701.02326965
LECO,258.57501220703125,78002745.72399597
LEGN,18.809999465942383,55706748.03952398
LEN,86.21499633789062,194289125.55169982
LEU,164.27999877929688,134263716.39250487
LEVI,24.62350082397461,77360771.96633777
LFUS,420.55499267578125,167975524.15852052
LGN,55.709999084472656,99245674.53896141
LGND,292.87969970703125,101540168.62034301
LH,310.0150146484375,196819212.96237794
LHX,297.260009765625,344361807.3941711
LII,436.4700012207031,239234145.50096434
LIN,506.4200134277344,984152468.2985809
LITE,612.0549926757812,3044243813.4514403
LKQ,26.475000381469727,61848990.7897234
LLY,1222.719970703125,2704001327.147229
LMND,48.13999938964844,96595004.22687683
LMT,575.8900146484375,608676087.9549987
LNC,42.349998474121094,70450718.0600315
LNG,257.9599914550781,467423697.80375975
LNT,72.76000213623047,164335317.6480995
LNTH,98.94999694824219,85457274.91506119
LOGI,106.12000274658203,117489401.94389
LOPE,156.92999267578125,50990290.66969299
LOW,216.0500030517578,626167061.4020073
LPLA,340.9649963378906,209732831.94886932
LPX,74.19499969482422,80673404.72346763
LQDA,86.01000213623047,112007752.65413971
LRCX,260.69000244140625,3708474038.3521576
LRN,97.0,58328676.55814056
LSCC,115.3550033569336,225402201.31478652
LSTR,181.84500122070312,84093507.2660965
LTH,46.060001373291016,98336329.98463574
LULU,118.75,287507983.6307144
LUMN,6.145100116729736,68306823.2898396
LUNR,11.920000076293945,143162656.66113406
LUV,45.04499816894531,260162897.09807816
LVS,48.44499969482422,221450337.1450878
LW,54.540000915527344,95742199.71747056
LYB,60.1150016784668,276589371.579332
LYFT,15.265000343322754,165925335.80705348
LYG,5.929999828338623,94542281.6347622
LYV,180.3000030517578,313141546.21828234
M,24.25,105258968.01506081
MA,563.5499877929688,1526378172.5707154
MAA,136.7100067138672,134600931.26483765
MAC,26.309999465942383,54988648.95142965
MAIR,31.270000457763672,84291512.46666908
MAN,55.95500183105469,74738806.12884216
MANE,113.20999908447266,69092223.71546516
MANH,212.16000366210938,118234737.04198456
MAR,380.5899963378906,492131070.8968582
MARA,10.760000228881836,592575312.0065501
MAS,72.35749816894531,184846306.65975723
MAT,15.324999809265137,69565946.17613444
MATX,199.92999267578125,67972021.38997193
MBGL,21.719999313354492,287763405.4612241
MBLY,8.114999771118164,75898133.11772832
MC,65.80999755859375,52715516.4677948
MCD,271.6400146484375,1179678689.2486572
MCHP,73.54000091552734,844298788.5931263
MCK,902.8250122070312,749709722.4042206
MCO,488.3500061035156,422102735.4594482
MDA,29.209999084472656,66677431.758550644
MDB,318.70001220703125,422102389.9882599
MDGL,540.6400146484375,146234465.2161072
MDLN,40.165000915527344,238574383.2548813
MDLZ,65.32499694824219,540236018.1274818
MDT,88.01499938964844,605507310.059282
MDY,684.5999755859375,397851227.52805173
MEDP,569.7650146484375,210584822.79248047
MELI,1858.64990234375,626075021.8643799
MEOH,51.9900016784668,54389910.327558324
MET,97.72000122070312,313937270.19588774
META,590.1950073242188,11402144970.386642
MFC,43.94499969482422,60415247.89657669
MFP,45.380001068115234,58283238.06831741
MGA,69.63500213623047,78685559.41656952
MGM,45.849998474121094,105918878.9323639
MGY,24.56999969482422,157616944.25787354
MHK,113.80000305175781,74424913.24410781
MIAX,46.05500030517578,57987690.30635834
MIDD,131.4199981689453,85024630.76329498
MIR,14.913000106811523,57296180.78569269
MIRM,109.0999984741211,73046564.19411087
MKC,52.459999084472656,180690440.81000558
MKL,2025.0350341796875,120217108.08703002
MKSI,268.3450012207031,421654110.31138307
MKTX,123.62999725341797,56490783.44623642
MLI,65.52999877929688,101473653.60407639
MLM,571.5549926757812,306995429.8302704
MMM,180.2899932861328,591722082.2500458
MNDY,89.66000366210938,107787696.2606842
MNST,98.2699966430664,522164150.6771927
MO,75.38999938964844,473404937.8771599
MOD,186.46499633789062,289648434.5459213
MOG-A,400.0249938964844,103580765.99240875
MOH,202.125,352296824.96903074
MORN,198.88250732421875,65497608.10953064
MOS,22.459999084472656,156931815.0714531
MP,39.59000015258789,231708910.03424016
MPC,308.3999938964844,584300720.2803619
MPLX,59.26499938964844,79035128.48813248
MPWR,1272.219970703125,1151583341.5930176
MRCY,92.02999877929688,63106765.5712677
MRK,130.8699951171875,1068587670.7465699
MRNA,55.255001068115234,454822166.99282205
MRSH,197.47000122070312,448182914.8272522
MRVL,168.3892059326172,5338157797.846424
MS,205.8551025390625,1207136146.9181213
MSCI,585.2150268554688,422124634.73253787
MSFT,395.6199951171875,11816489532.843775
MSGS,394.1000061035156,67394493.49382782
MSI,436.94000244140625,338736514.15504456
MSM,121.75800323486328,102553628.47993088
MSTR,96.12999725341797,1675797405.5483048
MT,65.56999969482422,112288210.22957535
MTB,252.02499389648438,276658828.7612381
MTCH,39.69499969482422,102481527.2571663
MTD,1390.1600341796875,216645743.08029786
MTDR,47.58000183105469,91336765.98493195
MTG,30.829999923706055,50141513.035842136
MTH,72.54000091552734,62022514.887413025
MTN,158.16000366210938,107339864.66595459
MTRN,198.42999267578125,76617753.70428772
MTSI,236.83999633789062,436349569.4702957
MTZ,299.57000732421875,388951349.8623047
MU,788.6900024414062,40662166201.6593
MUFG,22.165000915527344,71453020.54961815
MUR,38.33000183105469,50839379.52453613
MUSA,625.2249755859375,155239023.72067872
MWH,25.18000030517578,61365038.51821785
MXL,57.65999984741211,338724822.4153805
MYRG,324.0450134277344,110002922.82136078
NAVN,26.21500015258789,103995991.48350525
NBIS,154.10000610351562,3872207132.444229
NBIX,181.61500549316406,185904126.9276909
NCLH,20.809200286865234,248938942.32299918
NDAQ,96.01000213623047,360030560.69571036
NDSN,294.45001220703125,95231676.89366761
NE,39.525001525878906,64536624.56817551
NEE,88.79000091552734,877546434.427304
NEM,89.83999633789062,663270420.1667496
NESR,25.084999084472656,51465039.384794615
NET,265.989990234375,761397272.9320526
NEU,773.3250122070312,85158427.76048584
NFLX,72.29499816894531,3458979963.989506
NGG,79.30999755859375,64664708.38680267
NI,45.290000915527344,199071522.8907978
NICE,105.13500213623047,51487580.79036522
NKE,42.61000061035156,910430115.1475128
NKTR,68.49500274658203,58770172.475932315
NLY,23.174999237060547,156116704.370228
NNN,49.22060012817383,66361835.85996151
NOC,542.4500122070312,510758100.4984039
NOG,20.575000762939453,62201539.78967724
NOK,8.5649995803833,986909433.3191067
NOV,19.479999542236328,64525459.12804413
NOVT,136.92999267578125,69961505.89292297
NOW,113.96499633789062,2357400742.144333
NPO,300.6000061035156,79491738.22388458
NRG,124.98500061035156,299628485.60075456
NSC,335.92999267578125,346385803.6047516
NTAP,173.2899932861328,427586245.5136337
NTES,129.13499450683594,122230876.20683365
NTLA,10.704999923706055,56533446.72801838
NTNX,59.349998474121094,167170773.8366825
NTR,69.98999786376953,147914604.16927186
NTRA,253.27999877929688,299677256.60950166
NTRS,179.8350067138672,187002798.95903778
NTSK,11.904999732971191,57724901.60572295
NU,14.260000228881836,1475705864.766317
NUE,257.760009765625,304347947.17097473
NVDA,192.8800048828125,25156700864.23826
NVMI,379.9949951171875,242636485.95942384
NVO,51.39500045776367,427123284.2993
NVR,6485.4599609375,182732533.7520508
NVS,157.75,267554575.6871887
NVST,28.639999389648438,64220826.81434288
NVT,133.64500427246094,285892126.8077278
NVTS,10.25,197922773.03657168
NWG,17.665000915527344,63584871.6566391
NWSA,28.844999313354492,92663811.39199781
NXPI,245.0,1035789963.3443909
NXST,195.05999755859375,59138986.90350952
NXT,94.08000183105469,291760573.90771866
NYT,76.08999633789062,101956580.87773132
O,65.63999938964844,310578105.47066116
OC,135.21499633789062,134421549.55425262
ODFL,220.05999755859375,331750399.7314087
OGE,48.31999969482422,62067413.461616516
OHI,51.22999954223633,85082321.24301854
OII,47.04999923706055,52841628.43280792
OKE,90.5,289323521.8154251
OKLO,38.44499969482422,382498394.13046914
OKTA,136.05999755859375,407935475.10463256
OLED,80.23999786376953,52802410.144742586
OLLI,70.48999786376953,143981502.5858326
OLN,21.540000915527344,62743303.79288826
OMC,82.92500305175781,251405145.11195755
OMF,64.23999786376953,61924205.44184494
ON,81.66999816894531,873157340.2016068
ONB,26.854999542236328,128153217.43123302
ONC,326.5950012207031,117662254.3177414
ONDS,7.300099849700928,800966282.4106266
ONON,37.459999084472656,143565076.5894745
ONTO,222.13499450683594,334287399.9089691
ORA,94.80500030517578,84084543.46680947
ORCL,118.04000091552734,5002998798.05345
ORCL-PD,38.58000183105469,159564500.88355827
ORI,44.439998626708984,59779698.72414722
ORKA,88.27999877929688,102790649.6713852
ORLY,90.97000122070312,749996217.8050842
OSCR,31.204999923706055,136405305.74464512
OSK,144.11000061035156,128552845.57768479
OTIS,73.12000274658203,274905165.49690247
OUST,31.75,177709919.37581635
OVV,61.060001373291016,185572449.2396124
OWL,9.625,137044743.6782028
OXY,55.83000183105469,476405352.7063179
OZK,51.650001525878906,71114841.67813759
P,71.29000091552734,162976805.9659168
PAAS,42.13999938964844,162432313.06380844
PAG,221.25999450683594,95783929.70396805
PANW,315.0535888671875,2198167942.940558
PARR,82.26499938964844,67283909.81665115
PATH,12.403599739074707,981882988.8420408
PATK,86.48999786376953,61162776.03143196
PAYC,170.77000427246094,107581564.72594757
PAYX,123.81999969482422,341769670.86055756
PB,74.16999816894531,95731502.15425873
PBF,63.060001373291016,163610443.79202977
PBR,18.559499740600586,263767351.13048583
PBR-A,16.440000534057617,97064100.4835639
PCAR,135.9149932861328,421086598.4261513
PCG,17.655000686645508,290785660.9150739
PCOR,49.165000915527344,116469576.70150185
PCTY,146.27000427246094,80963172.80154571
PCVX,53.16999816894531,59613308.95515595
PDD,87.79000091552734,553267949.5401131
PEG,78.1050033569336,223166461.30669975
PEGA,30.704999923706055,107552938.32924204
PEN,320.29998779296875,121624112.99751282
PENG,46.47999954223633,337812548.5674841
PENN,21.06999969482422,54907620.11599426
PEP,144.2899932861328,1225986167.2603295
PFE,25.219999313354492,939493544.7338603
PFG,114.30000305175781,166342452.78082657
PFGC,115.55500030517578,172036955.47459602
PG,145.2899932861328,1214189685.1065445
PGR,222.0,657736089.4939454
PH,953.9299926757812,500507792.9431702
PHM,133.1999969482422,223819963.65561295
PHYS,30.295000076293945,89107025.14418697
PII,66.79000091552734,54624182.8377163
PINS,24.165000915527344,227734914.65515137
PJT,168.63999938964844,74361081.06043395
PK,15.180000305175781,55289382.54705791
PKG,250.0399932861328,169039736.48334426
PL,20.170000076293945,204103730.0192276
PLD,144.1199951171875,596203767.3492829
PLNT,56.060001373291016,89348434.3088707
PLTR,124.93499755859375,4696574873.931023
PLXS,238.6199951171875,69396586.83624268
PM,201.28500366210938,919861759.1687851
PNC,250.75,487147787.0273773
PNFP,105.50499725341797,126115039.28673553
PNR,66.96499633789062,225632596.1526993
PNW,103.62999725341797,117619627.8698372
PODD,169.24000549316406,202223489.64342117
POET,6.744999885559082,97791377.76996756
POOL,192.69970703125,168699462.31373596
POST,95.19999694824219,73158178.57847595
POWL,188.77000427246094,174861272.71173555
PPG,112.06500244140625,217293383.36943358
PPL,36.224998474121094,255939072.84493217
PR,20.594999313354492,159957679.10821027
PRAX,292.0299987792969,109947144.42173767
PRIM,77.43000030517578,114730240.08876228
PRMB,23.1200008392334,58598434.67845774
PRU,123.9749984741211,190942278.16874734
PSA,332.9200134277344,369460760.3489807
PSKY,7.954999923706055,84950353.12557611
PSLV,18.395000457763672,125853963.84147377
PSMT,189.21499633789062,53643437.92999115
PSN,38.91999816894531,62229005.27569046
PSNL,11.819999694824219,74569230.70466614
PSX,208.0500030517578,476023611.26325226
PTC,129.47000122070312,177862908.05743408
PTCT,74.62000274658203,127584530.00012131
PTEN,9.28499984741211,85378595.35442734
PTGX,136.9199981689453,92160870.23803863
PTRN,22.799999237060547,52900181.62054367
PUMP,10.300000190734863,56620186.48671985
PURR,6.119999885559082,67065899.10151148
PVH,86.06500244140625,65381996.11897278
PWR,571.5399780273438,616506236.1053345
PYPL,58.45000076293945,1013869622.6143653
Q,125.37000274658203,241128078.7998623
QBTS,16.6299991607666,351462900.2003683
QCOM,160.52999877929688,2266799522.394797
QGEN,42.02000045776367,118212303.09149265
QLYS,134.61000061035156,108450016.70870285
QNT,50.0,126511082.24714279
QQQ,668.5999755859375,25828198311.798126
QRVO,91.66000366210938,96779405.47355652
QS,5.005000114440918,168135765.42620558
QSR,74.80000305175781,195584480.77272338
QUBT,7.4293999671936035,74407632.33155295
QURE,38.98500061035156,56911960.930389404
QXO,13.39799976348877,390135153.4735562
R,256.4599914550781,93708468.4951416
RACE,386.19500732421875,150669872.05613405
RAL,69.48999786376953,102910614.35395165
RARE,25.579999923706055,55025439.332857035
RBA,115.3499984741211,104167850.16683769
RBC,558.6300048828125,123716938.45106812
RBLX,49.310001373291016,371168485.6440363
RBRK,71.87000274658203,213442006.80815506
RCAT,6.929999828338623,69907806.81964412
RCL,323.9049987792969,706256525.1105896
RDDT,181.8300018310547,763050675.209658
RDW,8.149900436401367,147505359.8222227
REG,81.02999877929688,98971962.84648895
REGN,697.530029296875,481508465.2902954
RELX,38.34000015258789,95575893.73450145
RELY,23.440000534057617,61964179.334181406
REXR,38.310001373291016,105707763.74425888
REZI,35.060001373291016,57914677.76187973
RF,31.149999618530273,307227133.80149424
RGA,239.5,78616881.17183228
RGEN,144.49000549316406,164530331.46681213
RGLD,193.6300048828125,126741226.59301452
RGTI,13.689499855041504,336096538.8596053
RH,170.9600067138672,123330870.83191681
RHI,40.31999969482422,96097312.30772705
RHP,135.6999969482422,64242294.562179565
RIO,92.13999938964844,252319855.54552078
RIOT,19.75,355634760.539933
RITM,9.875,54626466.06990375
RIVN,16.350000381469727,700476468.8934016
RJF,176.05999755859375,210861043.73544616
RKLB,61.619998931884766,1449447061.0690837
RKT,13.842000007629395,388886324.0728985
RL,374.8900146484375,205291380.45408934
RLAY,18.139999389648438,52987721.375802614
RLI,64.83499908447266,55968470.94775162
RMBS,86.19499969482422,304238817.8855492
RMD,212.49000549316406,278343746.9122696
RNG,57.84000015258789,101916063.68846913
RNR,332.3900146484375,116562268.02775879
ROAD,101.73500061035156,137097836.1011696
ROIV,33.540000915527344,154912069.76805878
ROK,457.3550109863281,314839033.1106369
ROKU,144.75,385139847.2487335
ROL,39.380001068115234,237964352.81827393
ROP,404.4573059082031,302985598.1221603
ROST,250.5500030517578,504703378.06929016
RPM,108.54000091552734,108151512.46472359
RPRX,60.13999938964844,153552636.83778763
RRC,39.375,120185259.12969589
RRX,190.43499755859375,204675267.6638977
RS,407.9800109863281,129039343.97657013
RSG,220.4499969482422,269781826.36412203
RSI,30.40999984741211,72921352.2614418
RTX,216.30369567871094,974459469.943483
RUN,9.4399995803833,113143903.67088708
RVMD,181.02999877929688,353455972.4963989
RVTY,111.00499725341797,133373362.44490357
RY,208.58999633789062,302688975.6758011
RYAAY,57.97999954223633,119996247.94846973
RYAN,46.5,82314711.13880615
RYTM,107.27999877929688,69498774.2743103
S,18.34000015258789,132907714.4894392
SAIA,395.55999755859375,163583833.608963
SAIL,15.820099830627441,59593078.74512549
SAM,187.06500244140625,59141947.134744264
SAN,13.614999771118164,123192964.96104889
SANM,171.3300018310547,161135998.53893813
SAP,185.4499969482422,509070373.2316841
SARO,28.809999465942383,94196313.52789688
SBAC,177.0749969482422,164797116.3398056
SBET,6.275000095367432,52271473.080882646
SBRA,22.09000015258789,61994067.913498685
SBUX,103.69999694824219,640796414.5344948
SCCO,174.52999877929688,202505465.32963714
SCHW,105.87000274658203,858732731.1370952
SCI,84.48680114746094,89327601.22769547
SCO,26.657699584960938,123369096.79232673
SDOT,14.390000343322754,92853762.42556667
SE,107.53199768066406,510981787.8487412
SEDG,39.25,107718152.48625259
SEI,44.43000030517578,216295329.50356942
SEIC,103.46499633789062,77696724.710289
SEZL,154.47999572753906,103051309.87287597
SF,83.30000305175781,93720201.84852752
SFM,79.84500122070312,157449631.18467712
SGI,67.86000061035156,141469557.32545623
SGOL,38.13999938964844,73018189.88278504
SHAK,61.97999954223633,103282518.68477535
SHAZ,41.060001373291016,139626306.2414648
SHC,17.46500015258789,52707180.76826286
SHEL,88.625,534962238.7411545
SHLS,8.364999771118164,53101283.18286848
SHOP,130.1999969482422,906894930.6068878
SHW,342.3399963378906,673856185.6267074
SIG,97.72000122070312,61973611.09289398
SIGI,94.80999755859375,53652531.709788516
SIMO,213.5749969482422,209300514.3220749
SIRI,31.774999618530273,106536577.20599326
SITE,91.19999694824219,74043330.07680893
SITM,466.42999267578125,249969767.16171265
SJM,126.375,174126264.65685272
SKM,29.68000030517578,89529421.52428551
SLAB,217.35499572753906,76389637.75057144
SLB,49.86000061035156,600683700.7227707
SLG,54.95500183105469,55503581.98189545
SLGN,41.91999816894531,63511799.996377565
SLM,25.469999313354492,77266244.20781422
SLS,10.113200187683105,106321135.45931716
SLV,51.46989822387695,739255670.5415154
SM,30.979999542236328,106097892.29255447
SMCI,26.8799991607666,1212239798.0982692
SMG,68.30999755859375,62264138.79103851
SMMT,12.533100128173828,53074767.05448818
SMR,8.005000114440918,235729820.30609542
SMTC,105.38749694824219,331781979.00405884
SN,159.27000427246094,229159660.56711197
SNA,412.45001220703125,147396684.32842407
SNDK,1019.2650146484375,22200616513.841698
SNEX,72.7300033569336,82837937.57040596
SNN,32.38999938964844,52226823.90448914
SNOW,283.3699951171875,1166715567.0974
SNPS,380.79998779296875,738161052.137735
SNX,249.02999877929688,199414887.48137665
SNY,45.54999923706055,133660758.13367748
SO,96.44999694824219,415613941.3618431
SOFI,15.295000076293945,1462474165.2016063
SOLS,54.60499954223633,294500469.50099945
SOLV,86.80500030517578,77699943.13859177
SON,59.189998626708984,65995453.368104175
SONY,23.229999542236328,98032763.73280239
SOUN,5.9096999168396,211855166.37742928
SPCX,112.52749633789062,9817491187.541431
SPG,235.7899932861328,345409285.2794121
SPGI,420.7200012207031,891495108.3748611
SPHR,136.8800048828125,86663882.70731811
SPOT,511.3500061035156,725481867.9736252
SPXC,192.25999450683594,119953130.39756393
SPY,734.77001953125,32720161081.17637
SQM,67.4000015258789,62551541.463344954
SRE,89.76000213623047,237262658.8200596
SRPT,15.369999885559082,53684793.73440151
SRRK,49.64500045776367,54003501.08809833
SSB,106.56500244140625,86470288.33843231
SSD,190.27999877929688,56635439.71676636
SSNC,79.6449966430664,125834346.49482651
SSRM,24.43000030517578,79165268.60773544
ST,45.525001525878906,69567352.03582916
STAG,38.95000076293945,69703492.1732891
STE,232.89999389648438,145096574.67014772
STEP,43.77000045776367,54989375.50703106
STLA,5.96999979019165,104616427.89146802
STLD,254.60000610351562,274493521.21911925
STM,48.685001373291016,787872905.4979432
STNG,78.19000244140625,50377001.80742645
STRC,88.5000991821289,114405058.98473358
STRL,520.0,471025168.289978
STT,179.42999267578125,431864771.217569
STUB,8.345000267028809,59135783.04495263
STWD,16.600000381469727,55079680.30618191
STX,755.0549926757812,4173874422.6556396
STZ,132.52000427246094,287705447.3771957
SU,65.5,229391916.47596437
SUI,125.2300033569336,218286944.61868554
SUNB,72.7699966430664,161856741.62926713
SW,47.599998474121094,241426281.9232498
SWK,91.56999969482422,131953369.83966446
SWKS,62.709999084472656,323448332.7657223
SXI,282.29998779296875,50045759.42463074
SXT,123.69000244140625,74212387.75516662
SYF,76.58499908447266,290185712.76525533
SYK,350.9800109863281,750927281.4849503
SYM,40.91999816894531,62056254.96724014
SYNA,106.56500244140625,104216113.1812851
SYRE,95.58999633789062,109113905.6524292
SYY,85.0199966430664,235489819.7282154
T,24.46500015258789,1874008067.4396987
TAK,17.684999465942383,59416101.46483965
TAP,43.02450180053711,115746682.26715374
TARS,58.525001525878906,84185834.35162087
TCBI,98.86000061035156,52775401.831056975
TCOM,46.415000915527344,126234799.90406266
TD,118.08000183105469,380828216.11289674
TDC,30.25,88750396.55922088
TDG,1277.699951171875,400139022.0188721
TDY,635.7000122070312,263142772.26696777
TEAM,104.23999786376953,325148469.7961483
TECH,72.02999877929688,316661389.91034544
TECK,57.48500061035156,194522528.87163544
TEL,210.8800048828125,517334356.73970336
TEM,42.040000915527344,263512116.7143055
TENB,31.719999313354492,132800979.96000576
TER,334.6700134277344,1284866973.8906875
TEVA,33.63999938964844,160861536.1352989
TEX,64.75,77231101.87138978
TFC,52.9900016784668,392117321.1887802
TFX,132.2449951171875,54996898.711315915
TGT,146.6999969482422,506419329.74132234
TGTX,54.03499984741211,108352668.5471468
THC,258.4849853515625,306648829.8147217
THG,231.8000030517578,68327121.53367233
TIGO,95.16000366210938,124011592.68455963
TJX,161.84170532226562,729380157.6296036
TKO,185.8000030517578,199089318.58868027
TKR,133.53250122070312,106279712.76532745
TLN,318.5950012207031,239700753.88739014
TM,193.44500732421875,77880917.88217163
TMDX,75.25,56645565.13030396
TME,9.854999542236328,51287711.78764401
TMHC,72.12999725341797,194164958.5146103
TMO,579.5850219726562,1157518516.5736206
TMUS,181.4949951171875,867496151.8964905
TNGX,25.959999084472656,74426037.57564163
TNL,77.80000305175781,58517306.60631485
TOL,152.13999938964844,134840925.254422
TOST,32.63999938964844,290811240.66638565
TPC,78.5199966430664,86762291.59711495
TPG,42.56999969482422,70400820.86922455
TPL,390.7950134277344,115501913.2629242
TPR,148.39999389648438,312800937.60341036
TREX,42.43000030517578,86760731.9174099
TRGP,267.1499938964844,306187631.0133972
TRI,106.91000366210938,188896784.0492386
TRMB,58.34000015258789,137459123.42588347
TRNO,71.25,65130716.48310852
TROW,120.19000244140625,215176303.25684816
TRP,67.69000244140625,163527337.88410187
TRU,83.80000305175781,186996868.23239288
TRV,394.864990234375,688772311.1205933
TS,56.09000015258789,55579097.78092308
TSCO,31.165000915527344,295214203.5061695
TSEM,192.22999572753906,406928944.6910515
TSLA,302.1499938964844,15358256345.772003
TSM,377.5799865722656,6145854282.328336
TSN,61.15999984741211,157805244.7773733
TT,451.5534973144531,490930638.09593964
TTAN,81.5,98268286.5584198
TTC,93.62000274658203,50757043.258608244
TTD,19.09000015258789,234582650.2833851
TTE,86.44000244140625,141175855.68905944
TTEK,34.16999816894531,77294124.7358532
TTMI,102.91999816894531,325994135.65346146
TTWO,248.77000427246094,413714449.36632615
TU,10.925000190734863,61562188.61118932
TVTX,54.96500015258789,70490745.50382519
TW,105.91000366210938,128842754.37093964
TWLO,187.71499633789062,335096758.1529541
TWST,85.02999877929688,119894838.30652924
TXG,46.46500015258789,123156369.49872188
TXN,271.7300109863281,2235091693.9162493
TXNM,57.904998779296875,70893449.5782074
TXRH,208.55999755859375,154399941.7265106
TXT,86.43499755859375,140945501.3530472
TYL,341.5849914550781,211342693.22109374
U,31.479999542236328,206060516.81368905
UAL,121.20999908447266,557120981.0066566
UBER,69.97000122070312,1125540488.1689484
UBS,52.244998931884766,92377627.57275505
UCO,41.244998931884766,130303451.59406757
UCTT,72.62999725341797,143008928.63266182
UDR,39.099998474121094,111930958.52895546
UEC,9.145000457763672,72395017.45198345
UFPT,253.3300018310547,52600391.34115982
UGL,43.290000915527344,60296087.81045036
UHS,165.9149932861328,145287594.66340256
UL,66.22000122070312,266438644.14340895
ULS,90.92500305175781,78587483.3474762
ULTA,507.1099853515625,254313133.2532959
UMAC,18.250099182128906,68221804.27331734
UMBF,147.32000732421875,88210460.71898499
UMC,17.1299991607666,357798371.8665322
UNG,9.90999984741211,76807724.84952144
UNH,425.4198913574219,2345267883.3816404
UNM,82.91000366210938,122460697.09357452
UNP,291.70001220703125,863179843.3675659
UPS,105.08499908447266,544160235.4777946
UPST,26.649999618530273,105770548.86759758
URBN,74.56999969482422,73748996.02631874
URI,1074.300048828125,509285370.10063475
USAR,13.444999694824219,167537611.53978747
USB,63.80500030517578,501818977.88279533
USFD,102.83999633789062,233319675.65171203
USO,129.4199981689453,857409869.8747002
UTHR,519.4600219726562,199877874.016452
UTZ,14.09000015258789,82662971.14333335
UUUU,11.050000190734863,81949556.87015295
V,370.69500732421875,2737349850.3281584
VAL,73.27999877929688,63626239.55667877
VALE,14.539999961853027,294611639.8605912
VC,107.49009704589844,52848709.74693756
VCYT,55.82500076293945,54924958.334549144
VECO,44.939998626708984,57168208.49375248
VEEE,13.75,192160134.36545467
VEEV,207.8800048828125,307454518.8231171
VERA,32.27000045776367,91677950.27639905
VFC,15.09000015258789,110294670.42971325
VG,12.954999923706055,206685549.99558717
VIAV,32.459999084472656,178137859.59509316
VICI,27.055099487304688,220861520.6529762
VICR,183.31500244140625,209583031.77161866
VIK,102.7699966430664,201633709.09877205
VIRT,58.369998931884766,67503362.8283329
VISN,11.664999961853027,68227787.20743981
VIST,66.63500213623047,62727227.69370155
VKTX,33.404998779296875,79650783.27207947
VLO,303.0,767076927.7769592
VLTO,98.7750015258789,164727619.43205184
VLY,14.45989990234375,98294338.3607895
VMC,288.0799865722656,270974060.7715683
VMI,465.8900146484375,113168082.64038697
VNO,41.43000030517578,64795583.182316974
VNOM,43.20000076293945,64736484.28984642
VOD,16.184999465942383,69854690.13449097
VOYA,99.44000244140625,92833263.19934845
VPG,84.44000244140625,53399742.36480713
VRNS,40.5099983215332,90087687.81525001
VRSK,220.18499755859375,344985733.5602051
VRSN,286.8900146484375,206124528.263385
VRT,234.18499755859375,1417346565.0908966
VRTX,489.9150085449219,711671048.8060226
VSAT,71.13500213623047,169512468.323291
VSEC,187.22000122070312,91437244.64069366
VSH,30.790000915527344,250997567.80651474
VSNT,37.21500015258789,59483757.57897186
VST,144.02999877929688,610316646.7361069
VSXY,87.26000213623047,134850836.78989714
VTR,97.18000030517578,311973589.3308975
VTRS,17.854999542236328,151808041.4401413
VVV,39.66999816894531,72070827.09662399
VVX,85.94000244140625,54552068.48153839
VZ,48.03499984741211,1311065913.5587087
W,89.12999725341797,247150678.49048156
WAB,295.9700012207031,268176893.98433685
WAL,82.02999877929688,84783923.07477264
WAT,382.75,287178072.1657715
WAY,23.850000381469727,56909473.57807617
WBD,25.565000534057617,574312576.6238806
WBS,76.30999755859375,293051234.1582016
WCC,318.25,247156330.56339723
WCN,173.4600067138672,209385710.6682396
WDAY,166.0800018310547,608655368.2746636
WDC,466.3800048828125,3695845972.84906
WEC,112.37000274658203,200089924.29474258
WELL,239.1699981689453,662199874.8827744
WEN,7.660099983215332,87587518.91803631
WERN,36.34000015258789,51666682.37372665
WEX,188.38999938964844,131380315.84560089
WFC,85.58000183105469,1357160614.4776254
WFRD,83.375,130023872.34501648
WH,76.17990112304688,106863335.53576508
WHR,38.31999969482422,85272329.8451542
WING,145.3300018310547,174340650.3200203
WIX,59.61000061035156,62320294.061381534
WLK,71.4800033569336,73667776.83236961
WM,241.65499877929688,383399472.03301847
WMB,70.34500122070312,464494619.9995346
WMG,29.6200008392334,53648684.27865477
WMS,138.77999877929688,83981973.19100189
WMT,113.2300033569336,2358368234.8265204
WOLF,20.299999237060547,118616502.81119366
WPC,75.86000061035156,104382643.31262589
WPM,106.9800033569336,166092659.14997903
WRB,75.931396484375,142321597.03247833
WRBY,25.43000030517578,64188686.33989219
WSC,24.264999389648438,51750276.76977386
WSM,232.50999450683594,203652367.54667282
WSO,313.3960876464844,142172283.64852753
WST,333.6300048828125,282577743.0694153
WTFC,160.22000122070312,109443419.66272278
WTRG,40.790000915527344,74612382.99714509
WTS,336.0249938964844,77667647.94959716
WTW,319.6199951171875,151865914.19577026
WU,8.330100059509277,62367144.10097084
WULF,15.869999885559082,735703361.8162649
WWD,397.1300048828125,224546981.65238038
WY,24.274999618530273,107924793.30294399
WYFI,22.09000015258789,89713964.38984165
WYNN,98.42500305175781,131838177.4486084
XE,16.174999237060547,77373897.54749183
XEL,79.33000183105469,360234926.1387146
XENE,64.33000183105469,84141514.05899048
XMTR,81.3499984741211,79335713.62042503
XOM,158.0399932861328,2037431948.70689
XP,16.360000610351562,85390422.46859685
XPEV,13.074999809265137,85138970.17123318
XPO,198.7899932861328,183779421.21596223
XRAY,13.835000038146973,63595142.232864186
XYL,122.2249984741211,234375058.59160423
XYZ,82.13249969482422,361731830.8826954
YETI,50.849998474121094,50409935.37574577
YMM,9.545000076293945,56517839.275097944
YOU,56.06209945678711,56861033.78768158
YPF,50.46500015258789,60663148.54627876
YUM,152.17999267578125,417353963.19176024
YUMC,46.189998626708984,67743529.91568756
Z,34.064998626708984,108075732.02987766
ZBH,96.16000366210938,193934622.6840515
ZBRA,282.3500061035156,170407010.7791443
ZETA,22.18000030517578,163151164.92214125
ZION,69.69999694824219,121657398.78653336
ZM,92.11000061035156,270875405.0110092
ZS,152.83009338378906,342477702.6752914
ZSL,32.38999938964844,63705947.4016613
ZTS,78.80999755859375,402103583.2940796
