ticker,price,adv_usd
A,112.79000091552734,235344487.192099
AA,68.25,275060002.70299226
AAL,12.595000267028809,638021287.0831835
AAOI,196.33999633789062,1758967405.2266343
AAON,130.25,153546477.3372101
AAP,51.0,72369460.21011582
AAPL,297.1549987792969,12971106893.106956
ABBV,207.60000610351562,1340222077.2304459
ABG,191.67999267578125,66051479.09751892
ABNB,133.21499633789062,516912364.72969514
ABT,83.01499938964844,1264911695.4017868
ABVX,119.5,96458973.1522522
ACGL,93.95999908447266,215053490.0910473
ACHC,26.260000228881836,84098434.90872411
ACHR,6.40500020980835,204494773.96529973
ACI,15.930000305175781,98598182.13433342
ACLS,163.22000122070312,119251550.78835908
ACLX,115.06999969482422,166205573.2385517
ACM,68.36000061035156,100793865.07803115
ACMR,62.80500030517578,70859891.34783478
ACN,164.33999633789062,893536954.1528428
ADBE,236.10000610351562,1200979869.5540237
ADC,76.05999755859375,79099444.8917923
ADEA,32.650001525878906,60811496.43329258
ADI,431.57000732421875,1337011588.1502717
ADM,81.0,290606484.0867615
ADMA,8.625,78636056.00841674
ADP,210.0500030517578,599082771.049086
ADSK,229.32000732421875,410420012.3359833
ADT,6.880199909210205,93996669.04865384
AEE,108.35140228271484,181971322.66080093
AEHR,97.5199966430664,304195615.2121315
AEIS,340.0150146484375,264329740.96658325
AEM,193.35499572753906,430543357.55243605
AEO,15.239999771118164,70343415.99568129
AEP,126.91999816894531,370790131.5448624
AER,143.36000061035156,198037780.1723114
AES,14.430000305175781,166470665.34102803
AESI,18.469999313354492,87894501.19295101
AFG,133.50999450683594,66789680.95176697
AFL,116.04000091552734,252850445.31511116
AFRM,61.470001220703125,340739525.3561165
AG,23.420000076293945,272410035.53846836
AGCO,116.61000061035156,85574419.99777222
AGI,43.790000915527344,144787441.05771637
AGNC,10.671500205993652,155694400.0875979
AGQ,154.27000427246094,395855602.90561754
AGX,685.3699951171875,192145215.46660155
AHR,51.33000183105469,105430050.20221558
AIG,76.25499725341797,370289800.98615646
AIT,313.6700134277344,80784284.66372375
AIZ,243.04840087890625,104108928.46192932
AJG,195.45460510253906,343101735.1266861
AKAM,152.9600067138672,665575480.547683
AKAN,23.864999771118164,140691133.22749662
ALAB,208.2899932861328,1095918198.2195792
ALB,204.00999450683594,446466310.99830854
ALC,63.150001525878906,148091866.0785675
ALGM,47.119998931884766,114292330.1884985
ALGN,164.0500030517578,181652507.14115676
ALHC,18.31999969482422,92260619.44290122
ALK,38.63999938964844,167989588.7772728
ALKS,38.709999084472656,66849542.76397629
ALL,214.5399932861328,309017927.84618986
ALLE,131.82000732421875,154596930.33454895
ALLY,42.15999984741211,156335488.90039635
ALM,21.729999542236328,99901602.70767955
ALNY,291.9710998535156,334116702.25723267
ALSN,119.44499969482422,107808787.1905098
ALV,119.86499786376953,97775855.13378525
AM,21.389999389648438,55226630.154901505
AMAT,428.6000061035156,2478216665.1067963
AMBA,80.4000015258789,56358455.59246445
AMCR,39.2599983215332,167594962.94038144
AMD,444.8550109863281,16910227632.56861
AME,231.2100067138672,300321108.2089691
AMG,300.07501220703125,98293724.37853698
AMGN,335.9700012207031,874642110.7124634
AMH,31.389999389648438,92508689.46717262
AMKR,74.26000213623047,381096826.6160099
AMP,468.0899963378906,292233694.35526276
AMPX,18.229999542236328,180866751.47629356
AMRZ,51.41999816894531,154211283.72775117
AMSC,54.23500061035156,72458888.75603485
AMT,172.2899932861328,483237701.09436643
AMZN,264.17999267578125,11829727440.635147
AN,193.69000244140625,79021812.84199524
ANET,146.28500366210938,1711928360.8438659
ANF,72.29000091552734,93045497.12180519
AON,313.3900146484375,407345205.52628785
AOS,57.880001068115234,108127433.07408619
AOSL,41.18000030517578,55235030.59638214
APA,36.435001373291016,255117128.70856363
APD,304.0199890136719,281883054.0808365
APG,43.09000015258789,149592103.59841156
APGE,81.9000015258789,51218650.46291351
APH,126.43000030517578,1332076578.5820801
APLD,43.86000061035156,869961467.6369991
APLE,13.895000457763672,51074399.526241876
APLS,41.03499984741211,170314032.8204859
APO,129.88999938964844,496274387.3686592
APP,464.4100036621094,2034984848.602202
APPF,149.02499389648438,56150981.297258
APTV,55.79999923706055,186500741.97815514
AR,36.16999816894531,175464253.6650795
ARCC,18.625,105633485.35301742
ARE,45.80500030517578,108133676.43931885
ARES,120.58999633789062,360696273.7085663
ARGX,795.7100219726562,248709223.589859
ARM,212.38999938964844,2277910069.326724
ARMK,48.91999816894531,134716579.07948
AROC,36.650001525878906,57238515.80682983
ARR,17.34000015258789,51061837.63363514
ARW,206.3300018310547,137716424.2663353
ARWR,79.55000305175781,133308219.51751252
ARXS,36.15999984741211,85394012.82893105
AS,33.31999969482422,116621477.62056236
ASB,27.68000030517578,54310635.37451897
ASML,1535.72998046875,2464660856.0388184
ASND,236.47999572753906,187077678.47452393
ASO,50.0,58893436.901130676
ASST,16.40999984741211,55981140.92913227
ASTS,74.20999908447266,1482175524.0098948
ASX,34.9900016784668,243282612.1656843
ATI,159.48500061035156,285629146.3488296
ATMU,55.349998474121094,69186977.41549873
ATO,180.0,151535640.15621948
ATR,117.49500274658203,67586275.82530212
AU,102.38999938964844,221286106.18552017
AUGO,82.0,62827948.01700745
AUR,7.525000095367432,161999026.73193258
AVAV,161.10000610351562,216513465.933609
AVB,185.67999267578125,175424670.98138732
AVEX,26.290000915527344,111132360.52215014
AVGO,411.2650146484375,7704916503.476379
AVT,83.9000015258789,110449307.81795654
AVTR,8.09000015258789,77469159.80738354
AVY,159.75999450683594,109359354.72501679
AWI,157.38999938964844,70754322.47862701
AWK,125.70999908447266,221552909.77341118
AXON,387.1449890136719,439938402.77380526
AXP,309.30010986328125,1067447503.874823
AXS,98.45999908447266,53413272.53810577
AXSM,226.8300018310547,182111781.9685875
AXTA,27.65999984741211,61940045.103015706
AXTI,120.18499755859375,1121367065.8070846
AYI,284.1099853515625,95796087.71117553
AZN,185.02000427246094,376191972.7624062
AZO,3362.800048828125,860622399.3546631
B,45.2400016784668,498531198.36212254
BA,234.5155029296875,1452557638.8066711
BA-PA,75.30000305175781,60983193.22795677
BABA,136.50999450683594,1335791047.3002458
BAC,50.48500061035156,1590383492.4813461
BAH,72.26000213623047,98443522.87723008
BALL,57.65999984741211,174353704.76532117
BAM,47.86000061035156,154176211.40613097
BANC,18.520000457763672,52976858.21987991
BAP,313.6000061035156,111161002.16831207
BAX,17.670000076293945,139669507.0970481
BB,6.144999980926514,141322766.62841544
BBIO,65.4000015258789,205068063.7581726
BBWI,18.19499969482422,107926816.57606125
BBY,55.63999938964844,185398549.06265107
BC,77.30999755859375,57810437.11750641
BCE,24.649999618530273,66133017.95032253
BCS,22.53499984741211,149325121.22754478
BDC,110.4800033569336,58378408.98745155
BDX,143.77499389648438,483559202.5095978
BE,274.5,2550341335.9784822
BEAM,31.25,62058925.49715996
BEKE,19.21500015258789,72480123.62985344
BELFB,279.6700134277344,52282063.61429749
BEN,31.299999237060547,161501089.0167431
BEPC,36.189998626708984,64977494.745687105
BF-B,26.389999389648438,124094432.57049942
BFAM,69.08499908447266,77554987.70232582
BFH,84.31999969482422,56228494.7783432
BG,125.2300033569336,191223352.45696563
BHP,89.55000305175781,184549910.9084305
BIDU,144.1999969482422,307074589.29180986
BIIB,200.65499877929688,199845726.52232972
BILL,40.404998779296875,82087697.05169526
BIO,239.8925018310547,95810660.28087616
BIRK,34.779998779296875,73751499.6697937
BITB,43.310001373291016,61255953.96628666
BJ,92.625,145901379.24631196
BK,132.78500366210938,501572401.01417845
BKH,73.30999755859375,58909500.76354828
BKNG,156.7949981689453,1261632433.020495
BKR,64.76000213623047,543356968.3437691
BKSY,39.720001220703125,79151890.34610558
BLD,410.739990234375,470695476.2255615
BLDR,71.33999633789062,218719178.03852996
BLK,1079.489990234375,576302763.5105346
BLLN,91.62000274658203,54803793.826813504
BMI,115.61009979248047,112732849.88622017
BMNR,21.360000610351562,783471565.37854
BMO,151.7801055908203,125874085.94869003
BMRN,52.720001220703125,93502494.78847122
BMY,56.380001068115234,571446298.7000554
BN,45.310001373291016,240288528.17001152
BNO,56.66999816894531,220575947.889843
BNS,77.05000305175781,143417852.53382033
BNTX,92.33999633789062,91906877.03013153
BOIL,13.335000038146973,104770393.97550249
BOOT,143.0399932861328,93481931.88662796
BP,43.994998931884766,418657630.3357792
BPOP,144.34500122070312,71777834.99176483
BR,145.8699951171875,197730948.1081024
BRBR,9.244999885559082,66265657.190764666
BRK-A,724790.0625,121319455.559375
BRK-B,484.2349853515625,2333283468.841736
BRKR,44.72999954223633,92914418.52497692
BRO,54.540000915527344,199936774.5594696
BROS,50.18000030517578,259100751.4054264
BRX,29.639999389648438,77297459.69866256
BRZE,19.110000610351562,57197958.88971023
BSX,53.345001220703125,1125984471.3767211
BSY,31.850000381469727,69147597.89776573
BTC,35.290000915527344,57707270.398514554
BTDR,12.760000228881836,80156390.25571918
BTG,5.303999900817871,162300286.95570773
BTI,64.8499984741211,208699833.75983316
BTSG,55.540000915527344,142339486.3033409
BTU,24.309999465942383,81075369.57247591
BUD,79.73999786376953,140701824.9607002
BULL,6.835000038146973,93840762.45740108
BULZ,44.380001068115234,61314941.40009861
BURL,283.82000732421875,168191944.53730163
BW,19.559999465942383,53570191.55741386
BWA,64.7699966430664,142101402.38067397
BWXT,203.61500549316406,223910814.66745988
BX,119.73999786376953,673552158.3354225
BXP,58.349998474121094,102597140.52594833
BXSL,23.790000915527344,66283389.34951782
BYD,81.56999969482422,88714344.61294213
C,124.26000213623047,1415619254.7051945
CACC,521.9000244140625,76472192.8053894
CACI,492.0950012207031,175030073.1769684
CAG,14.005000114440918,179855122.73379645
CAH,181.97999572753906,413122065.5365982
CAKE,60.060001373291016,77494295.79548721
CALM,78.54000091552734,50531545.470357895
CALX,41.084999084472656,50029423.694999315
CAMT,167.19000244140625,80713398.065625
CAR,150.4550018310547,1664149045.6821182
CARR,65.44000244140625,406789077.9324608
CART,39.18000030517578,172393707.36902505
CASY,874.4299926757812,279865454.5837921
CAT,904.655029296875,2046811474.3077881
CAVA,76.91000366210938,242896263.13175812
CB,322.5,515272462.9020996
CBRE,142.60000610351562,265850521.44855347
CBSH,50.90999984741211,63064747.20413075
CC,24.854999542236328,74069524.1803257
CCEP,92.16000366210938,144418396.89560395
CCI,88.3550033569336,265603698.76036683
CCJ,113.98999786376953,376495975.6318184
CCK,100.55999755859375,116885830.13324738
CCL,24.5049991607666,763888367.1980294
CDE,19.49090003967285,340274691.01855993
CDNS,358.4549865722656,843128920.4909455
CDW,100.0198974609375,256711075.6101776
CE,59.22999954223633,136713610.89704686
CECO,81.76000213623047,58774990.45270233
CEG,278.0249938964844,856324215.4653549
CELC,124.22000122070312,142135420.746579
CELH,29.20490074157715,303952834.5024849
CENX,63.0099983215332,80256550.3727806
CF,127.3499984741211,388139331.7195484
CFG,61.3650016784668,288143329.4945415
CFR,136.13999938964844,73906911.96203843
CG,49.25,169618727.8292946
CGNX,65.33499908447266,149823402.07227784
CGON,71.06999969482422,59729818.535403825
CHD,94.62000274658203,186652477.59827805
CHDN,85.54499816894531,104143063.45133361
CHE,406.5625,105972027.31124878
CHH,104.82250213623047,73084190.31757927
CHKP,115.38999938964844,235831593.5837204
CHRD,140.60069274902344,102184340.95886993
CHRW,164.5500030517578,365695708.2227829
CHTR,144.22500610351562,662323278.1484756
CHWY,22.045799255371094,184454885.32459372
CHYM,17.690000534057617,108987072.14860296
CI,301.06500244140625,473499312.3854462
CIEN,571.260009765625,1039961136.2458252
CIFR,20.15999984741211,500285832.1094879
CINF,163.7100067138672,121065905.87294388
CL,87.0199966430664,434698406.6160126
CLF,10.850000381469727,185768417.6524043
CLH,295.7149963378906,164922111.33336487
CLS,366.877197265625,928712777.488739
CLSK,13.420100212097168,260975220.66381168
CLX,90.28500366210938,339377475.64419097
CM,111.27999877929688,150200350.20586547
CMC,69.94499969482422,57381193.36146812
CMCSA,24.635000228881836,885612374.5585896
CME,286.45001220703125,655013100.1406066
CMG,32.220001220703125,577588936.0668716
CMI,704.155029296875,568698121.4023193
CMPS,9.99489974975586,55132628.444248006
CMS,72.47000122070312,213735598.59690398
CNC,58.86000061035156,360112132.10278857
CNH,10.680000305175781,168645477.6786457
CNI,112.98999786376953,150754614.22899246
CNK,26.049999237060547,60861225.496058464
CNM,46.36000061035156,124447376.31658936
CNP,41.692501068115234,214898433.06202334
CNQ,46.599998474121094,496727276.89432716
CNR,84.58499908447266,66832656.82703018
CNTA,39.599998474121094,65794266.65372696
CNX,35.52000045776367,66700234.660476685
COCO,74.7300033569336,98233584.2614582
COF,182.43499755859375,826794201.7421112
COGT,34.005001068115234,53913833.31973839
COHR,389.55999755859375,2149401799.071893
COHU,48.939998626708984,70333600.13397045
COIN,201.5800018310547,1952522023.5325165
COKE,172.5,101370296.14620972
COLB,28.989999771118164,70577254.95282641
COLD,14.704999923706055,58552371.63372183
COMP,8.234600067138672,105705004.45321512
COO,59.5099983215332,139485449.09957752
COP,116.25,1002687243.3757935
COR,260.364990234375,566020350.4329987
CORT,53.72999954223633,53726303.00171566
CORZ,23.440000534057617,351373644.50133944
COST,1035.614990234375,1676569951.3221557
CP,86.4800033569336,236647806.09890595
CPAY,328.79998779296875,168892415.3948242
CPB,20.530000686645508,136532582.02118063
CPNG,15.75,445228767.665559
CPRT,33.125,241021513.16785812
CPRX,31.18000030517578,88410897.30137825
CPT,104.6050033569336,118013683.76073799
CR,179.77499389648438,112857222.60995331
CRBG,26.049999237060547,215115129.51281795
CRC,58.88949966430664,53233934.84202614
CRCL,122.2249984741211,1783318304.7180748
CRDO,192.51499938964844,1113124948.208384
CRGY,12.579999923706055,85046237.89586191
CRH,109.18000030517578,481320535.57711947
CRL,165.47999572753906,137033183.16065827
CRM,167.5399932861328,2164024061.325959
CRML,11.539999961853027,260379593.7988813
CRNX,36.619998931884766,52671549.894491576
CROX,98.52999877929688,113633667.30869445
CRS,423.989990234375,294652818.3427612
CRSP,52.650001525878906,93770629.03362235
CRUS,169.77999877929688,115512665.09078522
CRWD,552.97998046875,1258311913.1244385
CRWV,110.47000122070312,3316944934.978728
CSCO,100.41999816894531,1692477023.114338
CSGP,32.279998779296875,224197828.95899123
CSL,347.17999267578125,151419913.61753845
CSTM,33.66999816894531,69199326.66189805
CSX,44.82500076293945,545245946.3836069
CTAS,164.22000122070312,311471835.4666153
CTRA,32.560001373291016,328870888.9679059
CTRE,41.79499816894531,77002707.84026031
CTRI,31.364999771118164,58225398.61742087
CTSH,46.41999816894531,359456229.8859726
CTVA,82.4000015258789,278087606.7166344
CUBE,40.59000015258789,88431773.92349243
CUK,27.469999313354492,84781028.6994998
CUZ,26.350000381469727,60074567.927280806
CVCO,467.0,61027486.942596436
CVE,29.850000381469727,227771545.75197077
CVLT,100.25499725341797,76948334.28269044
CVNA,70.37000274658203,954537982.8746083
CVS,96.42500305175781,686895097.8295372
CVX,185.02000427246094,1794513411.2590942
CW,732.77001953125,153193185.52003175
CWAN,24.350000381469727,80804893.99435234
CWST,83.05000305175781,68839673.00075912
CX,13.055000305175781,68922949.05589294
CYTK,75.2699966430664,243127820.9040432
CZR,26.149999618530273,93099101.04351063
D,62.224998474121094,285417284.45628357
DAL,70.26000213623047,527090560.97486764
DAR,63.47990036010742,166977942.1616602
DASH,149.3000030517578,780589640.4071236
DAVE,235.38499450683594,138853817.82753602
DB,31.46500015258789,90508548.11952381
DBC,31.545000076293945,53487003.45994854
DBRG,15.635000228881836,56304872.74095087
DBX,25.59000015258789,95218486.98466492
DD,50.47999954223633,166054961.28727475
DDOG,198.0,1014222040.9376252
DDS,524.3900146484375,52071645.68306885
DE,585.72998046875,547947057.2869873
DECK,95.01499938964844,169592509.04497528
DELL,241.27999877929688,1379171121.2446656
DEO,80.5530014038086,120180358.77446327
DG,102.20999908447266,339136595.21080095
DGX,188.88499450683594,196289225.1723732
DGXX,8.385000228881836,81391343.245435
DHI,142.61000061035156,359023438.69374007
DHR,165.27000427246094,956433265.5380516
DHT,18.450000762939453,53490484.59389591
DIA,495.2300109863281,2061536200.5029755
DINO,71.58999633789062,159761321.05545273
DIOD,104.8499984741211,71317909.58287163
DIS,104.70999908447266,907093186.8135688
DK,45.82500076293945,58762607.87070332
DKNG,23.809999465942383,290354164.0115665
DKS,216.36500549316406,199155155.90258026
DLR,192.3000030517578,399018764.1102501
DLTR,87.41999816894531,358977329.141613
DOC,19.489999771118164,157979350.7024785
DOCN,157.35000610351562,507128398.7214432
DOCS,25.75,72349690.73205337
DOCU,44.565101623535156,128788827.06194344
DOV,215.6699981689453,224258067.0927208
DOW,39.43000030517578,483388351.4537247
DOX,60.650001525878906,59744702.044685364
DPZ,310.9867858886719,365562517.02817535
DRI,194.5749969482422,191778326.738002
DT,35.52000045776367,224635674.202034
DTE,141.71499633789062,225404010.29938203
DTM,144.60000610351562,115526492.92787628
DUK,123.9800033569336,367686422.32980573
DUOL,102.44499969482422,217185166.9431835
DVA,201.72999572753906,159586127.2201744
DVN,46.119998931884766,678404888.3204607
DX,13.225000381469727,70010259.07906666
DXC,8.34000015258789,52839570.677001
DXCM,60.15999984741211,303920293.62811834
DXYZ,54.70000076293945,158332274.48924962
DY,429.1050109863281,162138835.22619477
EA,199.99000549316406,330012826.5922699
EAT,131.96499633789062,202160948.43660125
EBAY,109.7699966430664,732309480.0461495
ECG,153.58999633789062,104544387.04230805
ECL,250.85000610351562,374379558.3741409
ED,105.7699966430664,211809088.8242874
EEFT,69.86000061035156,52663627.95661545
EFX,162.10000610351562,315926532.8867569
EG,351.614990234375,110561719.33795166
EGO,35.060001373291016,138799130.86025468
EGP,202.66000366210938,81502461.01995698
EHC,108.74500274658203,102266714.89549637
EIX,70.47000122070312,177712823.25152588
EL,83.51499938964844,273897362.33332366
ELAN,21.739999771118164,131783545.69340944
ELF,55.70000076293945,156099525.00092316
ELS,63.310001373291016,87379651.76778622
ELV,390.1075134277344,602706180.4196151
EMBJ,57.59749984741211,98609954.97388783
EME,912.1649780273438,327386491.627948
EMN,74.36000061035156,86532580.43519668
EMR,135.1300048828125,402231962.9812622
ENB,55.09000015258789,203066584.81338233
ENPH,38.04999923706055,231390124.38364965
ENS,231.22999572753906,62764449.74852295
ENSG,176.3300018310547,90469855.52805634
ENTG,145.47999572753906,457740931.43603516
EOG,132.75,526490740.41354674
EOSE,8.925000190734863,185007090.85639557
EPAM,91.62000274658203,172763140.58965605
EPD,38.43000030517578,172551716.60963058
EPRT,30.895000457763672,65262279.597673036
EQH,40.564998626708984,152501712.1320526
EQIX,1074.81005859375,584972385.5786377
EQNR,37.900001525878906,178137471.23124695
EQR,65.52999877929688,178458387.42871705
EQT,55.22999954223633,446971132.3375452
EQX,14.055000305175781,113408669.51195793
ERAS,10.300000190734863,136270790.06700754
ERIC,12.260000228881836,123162451.69128418
ERIE,216.10000610351562,53478684.45334625
ES,68.31999969482422,140926558.51803398
ESAB,92.5999984741211,61526625.18842812
ESE,301.12249755859375,108310955.87475586
ESI,44.25,134936993.2694191
ESLT,765.0,85878526.81811523
ESS,266.7699890136719,110500865.45758362
ESTC,48.03499984741211,77134823.82989159
ET,19.889999389648438,304874810.2042843
ETH,21.559999465942383,53803990.04028883
ETHA,17.141000747680664,384428960.946606
ETN,402.0249938964844,1152784652.977295
ETR,112.0,441650850.5242203
ETSY,56.720001220703125,216681897.81987533
EVR,334.135009765625,203736798.47263184
EVRG,82.54499816894531,157078736.88488236
EW,80.73500061035156,433625327.6979927
EWBC,120.38999938964844,117520296.61940613
EXC,44.439998626708984,387342966.93489516
EXE,95.06500244140625,287926027.3579025
EXEL,50.07500076293945,128822091.7655714
EXK,11.15999984741211,79464130.46994933
EXLS,28.65999984741211,68629699.99111843
EXP,200.05499267578125,66207961.82999573
EXPD,154.57000732421875,162795775.38345337
EXPE,214.58999633789062,407694518.99897003
EXR,143.3300018310547,166950108.87041092
EXTR,22.59000015258789,65062339.191661455
F,12.271499633789062,493054009.0869045
FAF,67.79499816894531,58427966.021807864
FANG,196.7100067138672,520995768.38335955
FAST,43.279998779296875,277067138.95764923
FBIN,35.810699462890625,101215427.8876915
FCEL,16.59000015258789,120315678.53844967
FCFS,228.375,80880535.55918579
FCN,147.94000244140625,71577133.67490844
FCNCA,1912.64501953125,122651173.58500977
FCX,66.18000030517578,968858812.7383671
FDS,209.46499633789062,175442342.87380219
FDX,376.1000061035156,589304237.3925781
FE,44.220001220703125,292838313.9023224
FER,67.47000122070312,97197610.847966
FERG,232.6999969482422,353817131.3656349
FFIV,349.95001220703125,247590644.91868287
FHB,26.3700008392334,52609185.20145416
FHN,23.68000030517578,94295682.57810402
FICO,1053.8800048828125,397525446.7878723
FIG,18.809999465942383,302616950.76418746
FIGR,36.099998474121094,133333901.70537949
FIGS,11.760000228881836,54807698.63215943
FIS,41.970001220703125,256897448.2770111
FISV,52.70500183105469,340161508.0963516
FITB,48.040000915527344,266385782.11165008
FIVE,206.46499633789062,237129990.16005707
FIVN,20.098800659179688,74304127.74560452
FIX,1971.47998046875,736265706.5797364
FLEX,142.6300048828125,651531637.1686554
FLG,13.899999618530273,67280527.73713723
FLNC,20.513700485229492,208595260.29358855
FLR,44.06999969482422,138772058.64965898
FLS,67.66000366210938,229318806.22770387
FLUT,92.80000305175781,351736921.8186638
FLY,38.52000045776367,218165215.65132084
FMX,125.16000366210938,52483907.43608551
FN,648.510009765625,518291328.8757324
FNB,17.385000228881836,93010094.55875483
FND,46.279998779296875,149914455.89300156
FNF,47.51499938964844,87860628.60026856
FNGU,29.060100555419922,167165675.3501936
FNV,233.5500030517578,161523560.55028993
FORM,126.42500305175781,306583100.49305725
FOUR,40.119998931884766,77982111.77026539
FOX,59.529998779296875,51985399.071675874
FOXA,66.16999816894531,182753806.70750275
FPS,43.579898834228516,153504696.35860825
FR,61.935001373291016,56782033.16611004
FRMI,5.559999942779541,104671949.88315749
FRO,38.1150016784668,96288489.10194111
FROG,65.68000030517578,146928103.663184
FRPT,50.380001068115234,86882997.8169775
FRSH,8.164999961853027,99998042.98732719
FRT,114.69999694824219,91499657.41904525
FSLR,233.89999389648438,512399407.31489563
FSLY,18.614999771118164,276735069.27081376
FSM,10.46500015258789,52356129.56263409
FSS,114.23999786376953,55643181.2967968
FTAI,262.0,390437236.85691833
FTI,72.3499984741211,275411012.9630863
FTNT,114.41999816894531,545045524.5068649
FTV,59.869998931884766,189691242.64279804
FUTU,137.60000610351562,197864426.56337127
FWONK,89.98999786376953,183751917.40000916
G,30.229999542236328,98754770.3719656
GAP,21.209999084472656,146755039.54819185
GBTC,62.01900100708008,108150193.09268646
GBTG,9.395000457763672,59809439.01529169
GD,340.260009765625,519627518.62142944
GDDY,81.72000122070312,181689976.18245086
GDS,44.51499938964844,67186129.2186203
GDXU,206.2165985107422,194004184.22649154
GE,291.5299987792969,2024874551.803299
GEHC,61.45500183105469,384166709.93979263
GEN,22.520000457763672,144694397.87175465
GEV,1049.4000244140625,2767021811.3565063
GFI,43.77000045776367,122614694.16909313
GFL,36.0099983215332,100148136.29850292
GFS,74.91500091552734,323466233.84343374
GGG,76.94999694824219,112349515.09228516
GH,96.43499755859375,176664132.1045166
GIL,56.345001220703125,65244237.12075043
GILD,133.875,782290276.855603
GIS,33.90999984741211,287897121.9513887
GKOS,134.41000366210938,100983209.00815277
GL,153.9250030517578,78333532.18171386
GLD,429.6000061035156,2705145793.580725
GLDM,92.58000183105469,316838495.7368004
GLL,20.1299991607666,60497948.72041674
GLNG,56.130001068115234,66438747.44579697
GLOB,34.25419998168945,58256687.36926594
GLPI,47.45500183105469,84398253.41644898
GLW,197.52000427246094,2370517863.1421595
GLXY,30.600000381469727,148660454.486092
GM,75.81999969482422,494048878.5220665
GMAB,26.7450008392334,50851515.794011496
GME,22.15999984741211,259967529.18405303
GMED,75.29000091552734,120836163.12270279
GNRC,266.2550048828125,201580132.33143005
GNTX,23.020000457763672,53516768.015958786
GOOG,385.32000732421875,6524485049.610743
GOOGL,388.5350036621094,9835819531.599365
GPC,99.87999725341797,163697765.52676505
GPGI,12.614999771118164,61897888.379805945
GPI,330.55999755859375,51260910.359573364
GPK,10.010000228881836,73956632.47976255
GPN,66.7699966430664,219446553.22915307
GPOR,177.65499877929688,63611868.53009033
GRMN,235.36749267578125,190865658.88287354
GS,935.9400024414062,1594301142.5939453
GSAT,82.68499755859375,112533593.30677947
GSK,51.119998931884766,214878929.95479354
GT,5.78000020980835,59985295.76118984
GTES,25.530000686645508,51361307.09014235
GTLB,22.43000030517578,128249355.77499962
GTLS,207.3000030517578,212770262.3450699
GTX,29.65999984741211,69412050.5675045
GVA,139.0800018310547,81536592.5038887
GWRE,126.37999725341797,139632270.78241044
GWW,1235.2900390625,313360317.3568115
GXO,49.56999969482422,79125840.45568733
H,165.28500366210938,136668491.08554992
HAL,41.18000030517578,482788632.4242134
HALO,70.7699966430664,104092706.04447174
HAS,94.63500213623047,157268212.81213492
HBAN,15.725000381469727,333908321.35156727
HBM,27.155000686645508,122944575.50309888
HCA,429.55999755859375,539810877.8174347
HCC,85.97000122070312,76870155.76728821
HD,304.6600036621094,1296747102.6799102
HDB,23.985000610351562,176634298.60444602
HEI,284.0299987792969,196982913.60494232
HEI-A,216.3533935546875,62578944.60111694
HESM,38.81999969482422,106220621.80246925
HIG,133.04010009765625,200104905.3748657
HII,325.0,207923121.11160278
HIMS,23.582000732421875,981925287.4957848
HIMX,19.85569953918457,82852290.82962894
HL,19.975000381469727,240105586.10550404
HLI,147.73500061035156,102308870.01806335
HLN,9.039999961853027,81517567.54937324
HLNE,84.25,90369572.49094848
HLT,312.3299865722656,530196054.6119995
HMY,17.295000076293945,84040526.59508725
HNGE,55.05500030517578,72660563.42997018
HOG,25.084999084472656,78042476.22670822
HON,218.44000244140625,830304545.9077117
HOOD,76.0,2468301709.529887
HPE,30.469999313354492,387911235.34941626
HPQ,21.639999389648438,320842661.77159727
HQY,79.9800033569336,67520115.45371476
HR,20.225000381469727,89914346.09087467
HRB,35.89500045776367,89078478.09213658
HRI,136.5,82217612.38525239
HRL,20.06999969482422,93659015.0018158
HSBC,89.68000030517578,146696129.95918196
HSIC,69.88999938964844,109165969.91405487
HST,21.790000915527344,145004896.18307725
HSY,193.2949981689453,358453991.3102142
HTHT,47.84000015258789,83648623.68509369
HTZ,5.642000198364258,96706040.01698951
HUBB,483.80499267578125,316134472.91437685
HUBS,175.4149932861328,371704317.28480834
HUM,297.67559814453125,452884589.52034605
HUN,14.550000190734863,71072054.09986076
HUT,104.83999633789062,447466753.73897094
HWC,65.86000061035156,55530090.86312256
HWM,268.4200134277344,628921974.651735
HXL,90.67500305175781,108085939.21300507
HYMC,43.38800048828125,80350294.28770599
IAC,39.9900016784668,61534562.19532661
IAG,18.56999969482422,125929961.10625458
IAU,88.0250015258789,420868207.3210758
IAUM,46.619998931884766,90313965.32800904
IBIT,45.169898986816406,1616925343.6645045
IBKR,83.17500305175781,349661608.9310562
IBM,213.58999633789062,1578475274.3546875
IBN,25.700000762939453,200579220.3108843
IBP,199.7550048828125,120751943.17645569
IBRX,8.0,98386439.66783448
ICE,154.35499572753906,496399494.1112381
ICHR,71.86000061035156,68831823.54161529
ICLR,119.66999816894531,160462554.33041763
IDA,141.89500427246094,69154183.9961563
IDCC,267.0,112119423.39840087
IDXX,530.9249877929688,327050144.9221039
IESC,672.4099731445312,139353566.1995697
IEX,212.16000366210938,145142721.72480774
IFF,77.73999786376953,128840854.5566101
ILMN,147.02999877929688,206808387.79346314
IMO,132.6300048828125,66704749.16694641
INBX,108.41999816894531,79590327.31209488
INCY,98.4749984741211,134444570.54519844
INDV,38.20000076293945,83711425.86454925
INFQ,13.1899995803833,162922679.0923652
INFY,11.755000114440918,196153101.05239925
ING,29.670000076293945,65858675.63703537
INGR,106.76499938964844,76588260.96091843
INOD,86.70500183105469,201556478.79227677
INSM,114.51499938964844,378208912.6206589
INSP,43.029998779296875,57893286.38638611
INTC,118.8550033569336,14379936801.01051
INTU,375.5299987792969,952317088.1815765
INVH,28.329999923706055,149034776.3867219
IONQ,53.54999923706055,1739156220.0168777
IONS,76.22000122070312,131626254.60365753
IOT,27.264999389648438,151202568.78160208
IP,32.939998626708984,251443146.24595052
IPGP,104.0999984741211,69543569.62857628
IQV,173.3300018310547,282958480.5101433
IR,72.47000122070312,298510624.282135
IRDM,41.15999984741211,102398370.12301579
IREN,54.959999084472656,2570493089.977392
IRM,124.70999908447266,222229598.04429895
IRTC,116.0,62462509.77151642
ISRG,428.07000732421875,1084747947.750995
IT,145.17999267578125,221222031.0479065
ITGR,89.02999877929688,52564680.41407776
ITRI,80.55000305175781,87490041.31271362
ITT,204.3800048828125,147404078.50253296
ITUB,8.0600004196167,182131773.01287904
ITW,251.14999389648438,333591799.3910843
IVZ,27.940000534057617,148941837.94586363
J,112.62000274658203,152169496.10277137
JAZZ,230.74000549316406,201823308.2435295
JBHT,237.97999572753906,222468161.6131157
JBL,358.989990234375,409925416.13308716
JBS,14.180000305175781,79929821.37131806
JBTM,128.4949951171875,69331534.79980774
JCI,141.1300048828125,432092240.3137146
JD,33.349998474121094,248764015.12909356
JEF,52.0099983215332,103146842.49228534
JHG,51.70000076293945,102993905.34632492
JHX,19.889999389648438,131265705.20828399
JKHY,141.0749969482422,140217321.96850356
JLL,313.375,134438920.88146362
JNJ,229.16000366210938,1662448788.124466
JOBY,10.234999656677246,291279348.3014715
JPM,302.32501220703125,2366696895.306189
JXN,108.61000061035156,64480338.576560974
KAI,325.9599914550781,61556966.625614926
KALU,176.81500244140625,52092600.478442386
KALV,26.81999969482422,163269355.02103272
KBH,46.54499816894531,51403360.698856354
KBR,30.80500030517578,60210052.19388161
KD,11.149999618530273,59485699.32155867
KDP,29.625,325900805.99595106
KEX,142.14500427246094,100022652.49520874
KEY,21.125,232146627.25683707
KEYS,360.44000244140625,383403447.62642515
KGC,30.93000030517578,244445563.8806305
KGS,75.5,94370058.23736039
KHC,23.69499969482422,307530302.4495598
KIM,23.440000534057617,101667708.0142436
KKR,98.12999725341797,466183986.713192
KLAC,1815.1016845703125,1804271912.6844726
KLAR,13.6899995803833,60859536.696938515
KLIC,98.66999816894531,73001083.70822982
KMB,98.0,428583971.0306717
KMI,32.29990005493164,362448032.2577381
KMT,35.67499923706055,52085236.67805672
KMX,37.5,106495558.51650238
KNSL,299.6000061035156,103065009.14055328
KNTK,48.5099983215332,52264522.23226547
KNX,60.15999984741211,230305588.73349553
KO,80.83999633789062,1062044079.2549362
KOLD,25.229999542236328,71908488.07217273
KOPN,5.135000228881836,54542888.23881302
KR,65.86000061035156,296399125.88138807
KRC,34.48500061035156,59829948.13271141
KRG,26.469999313354492,55273711.295548536
KRMN,55.619998931884766,128119536.46291848
KRYS,306.70001220703125,84095367.02902222
KSS,12.399999618530273,60574031.676838115
KTB,66.0,55864937.93434753
KTOS,52.650001525878906,251338885.58552665
KVUE,17.354999542236328,303167196.8806839
KVYO,14.135000228881836,130181431.92949542
L,104.53500366210938,78340653.58031464
LAC,5.394999980926514,67933911.16617322
LAD,272.1000061035156,80610465.95017394
LAMR,147.0800018310547,94813576.93697739
LASR,78.80000305175781,88440119.9499298
LAZ,45.2599983215332,64935383.76405468
LBRDK,33.45500183105469,101456160.77098389
LBRT,33.474998474121094,123291008.9626255
LCID,5.914999961853027,147037978.53239036
LDOS,123.68000030517578,168826592.6149044
LEA,137.05999755859375,73306621.36240998
LECO,264.9100036621094,96529574.16737518
LEGN,29.372100830078125,74403273.34105492
LEN,85.28500366210938,205888961.32389984
LEU,196.32000732421875,196011365.29211426
LEVI,21.43000030517578,60255670.09357872
LFST,7.980000019073486,53864258.21128905
LFUS,464.04998779296875,120367922.68887329
LGN,95.11009979248047,142494211.7875126
LH,257.0,192210724.07943115
LHX,299.7049865722656,499787400.7274078
LII,509.5299987792969,241687679.85712585
LIN,514.22998046875,947658083.9346924
LION,12.180000305175781,50077410.82437973
LITE,1004.5399780273438,5240153235.955872
LIVN,72.05000305175781,57406961.932777405
LKQ,26.655000686645508,84552430.8723751
LLY,1008.8400268554688,3153103188.0315247
LMND,53.142601013183594,103926258.81653175
LMT,512.7799072265625,874656425.7212708
LNC,34.73500061035156,64353960.138563536
LNG,241.85000610351562,587035565.4068406
LNT,72.29000091552734,171047619.94466782
LNTH,97.5250015258789,74463859.27380791
LOAR,58.939998626708984,59364123.96500683
LOGI,102.4000015258789,116243772.41699485
LOW,221.68499755859375,592848018.04227
LPLA,294.3999938964844,261844048.52222443
LPX,71.0,110036968.41329956
LQDA,55.15999984741211,65123057.43935223
LRCX,289.0400085449219,2475498241.45282
LRN,88.0,84888408.03480224
LSCC,125.7249984741211,301947466.73776513
LSTR,176.75999450683594,80750069.37857132
LTH,33.5,95046562.44681397
LULU,123.19499969482422,454411051.2759838
LUMN,8.8149995803833,111954718.08453718
LUNR,33.14500045776367,321532773.1284479
LUV,39.20500183105469,281224152.58974457
LVS,51.36000061035156,275298689.9432518
LW,41.54999923706055,60332234.51769314
LWLG,15.949999809265137,142046405.72158402
LYB,74.30500030517578,450327211.710598
LYFT,13.51990032196045,195836788.76889247
LYG,5.164999961853027,88911216.95255542
LYV,164.3249969482422,448347258.87427217
M,18.135000228881836,82046547.05209827
MA,496.510009765625,1828648596.1827087
MAA,128.8300018310547,121376954.4021759
MAC,22.309999465942383,63998196.027765274
MAIR,41.35499954223633,186434359.5565462
MANE,104.0,74474580.65947723
MANH,130.78750610351562,104683853.30856323
MAR,350.8800048828125,490398071.19085693
MARA,12.3503999710083,535290852.1676429
MAS,67.36000061035156,242468220.92887497
MASI,178.6300048828125,133279020.5098938
MAT,14.990099906921387,71435161.21638231
MBLY,9.399999618530273,55796566.61571588
MC,63.189998626708984,70756852.14480992
MCD,276.4800109863281,1107690654.890123
MCHP,97.44499969482422,1054604920.8549359
MCK,746.5175170898438,857195217.7215179
MCO,440.4100036621094,486022205.1287689
MDB,301.4700012207031,418714703.71924746
MDGL,512.7949829101562,135490178.04740602
MDLN,38.02000045776367,268922608.13700294
MDLZ,61.78499984741211,437937598.5457891
MDT,76.23500061035156,758413729.1164055
MDY,664.1605834960938,353276503.53681946
MEDP,413.95001220703125,212512001.3825714
MELI,1509.864990234375,990593583.3235718
MEOH,64.22000122070312,66678845.22440033
MET,78.52999877929688,235478988.97405395
META,600.6799926757812,9701231005.896265
MFC,40.08000183105469,68739741.96111679
MGA,62.790000915527344,110969240.74104539
MGM,37.09000015258789,172042088.49581164
MGY,28.190000534057617,64311437.16771164
MHK,98.7249984741211,105969299.11982879
MIAX,51.84000015258789,51326401.08313465
MIDD,148.13999938964844,97381979.72396775
MIR,18.364999771118164,72895500.45731688
MIRM,113.21499633789062,95487416.87696533
MKC,45.97999954223633,172535073.3946766
MKL,1842.0150146484375,143768652.038678
MKSI,313.25,377710270.8957947
MKTX,139.83999633789062,78466760.70449981
MLI,138.3800048828125,96119149.41226959
MLM,584.1599731445312,291816401.4195801
MMM,147.6699981689453,567874385.502095
MMSI,61.279998779296875,53250812.90783234
MNDY,68.36990356445312,133372533.3013916
MNST,86.61000061035156,402968079.1847267
MO,70.83499908447266,647382987.4933987
MOD,273.7200012207031,216011088.69443053
MOG-A,309.9849853515625,79354054.42658082
MOH,191.5449981689453,239130385.9173088
MORN,170.01499938964844,93859682.51036224
MOS,23.134199142456055,194915195.52533588
MP,62.56999969482422,415501429.5632839
MPC,252.22000122070312,512218735.60082245
MPLX,54.375,132161455.60946274
MPWR,1624.0999755859375,979445306.1606019
MRAM,45.459999084472656,138914737.13335115
MRK,113.91999816894531,1004319523.2385193
MRNA,50.650001525878906,405084272.7979401
MRSH,162.00999450683594,505776545.10078734
MRVL,175.38999938964844,3892272548.9067507
MRX,55.150001525878906,53899737.32555161
MS,190.8000030517578,948424651.7877114
MSCI,575.739990234375,377917715.3839844
MSFT,402.0199890136719,14147769068.163904
MSGS,329.3446960449219,75146908.4535141
MSI,391.5950012207031,450780114.2896652
MSM,107.75,62528575.977442935
MSTR,176.2100067138672,3203180413.329337
MT,63.03499984741211,100564390.88531628
MTB,207.39999389648438,202552098.62795106
MTCH,35.16999816894531,137820149.89188614
MTD,1064.68994140625,192628605.94702148
MTDR,56.119998931884766,96982443.35057506
MTG,25.829999923706055,60558195.05065384
MTH,61.810001373291016,64579208.649966046
MTN,122.99500274658203,103766612.64647332
MTSI,366.5350036621094,376969858.3034134
MTZ,413.67999267578125,373635928.8029663
MU,791.9000244140625,26277995573.52826
MUR,38.15999984741211,67741565.85750961
MUSA,573.4500122070312,181041938.21487427
MXL,95.58000183105469,480499600.4613918
MYRG,449.4599914550781,123798159.25911713
NBIS,195.88999938964844,2458462650.7303367
NBIX,157.74000549316406,169012368.9643112
NCLH,15.869999885559082,429694121.5531349
NDAQ,88.7300033569336,283090762.33663714
NDSN,279.75,86766378.26689453
NE,51.3849983215332,82078884.92015037
NEE,94.1449966430664,805745472.2276436
NEM,117.8499984741211,782539470.7159996
NET,187.19500732421875,969180745.280603
NEU,685.4199829101562,69602124.93159485
NFG,79.94999694824219,68391418.62702255
NFLX,87.0,3972074603.55145
NGG,86.94999694824219,83749530.47605896
NI,46.90999984741211,269282114.03256893
NICE,84.58999633789062,78971628.45642853
NIO,6.310100078582764,178586638.368717
NKE,41.81999969482422,831724896.4127808
NKTR,77.05480194091797,114539537.48295632
NLY,22.28499984741211,114716517.00938149
NN,19.954999923706055,63823192.30737066
NNE,26.479299545288086,61971505.9163476
NNN,44.34000015258789,74713138.84038162
NOC,547.10498046875,482812267.54437256
NOG,23.190000534057617,63589588.81005754
NOK,13.490099906921387,1329155710.202756
NOV,20.315000534057617,99604354.26590662
NOVT,161.0,60652031.087265015
NOW,86.26000213623047,2421045340.663661
NPO,308.8999938964844,69100996.42018127
NRG,134.57000732421875,409342719.9416504
NSC,315.0989990234375,338203502.33201903
NTAP,117.91999816894531,215489168.4912758
NTES,118.1500015258789,80071858.38966484
NTLA,13.930000305175781,107149782.47414513
NTNX,43.779998779296875,119964626.80778351
NTR,72.19000244140625,207994927.25758514
NTRA,200.08999633789062,299642557.8511093
NTRS,161.72000122070312,194475828.90605012
NU,12.925000190734863,486928659.7410302
NUE,231.60499572753906,345516101.02023697
NUVL,102.67749786376953,58134639.78676224
NVDA,222.72999572753906,29836311783.606697
NVMI,486.7300109863281,157278386.9603241
NVO,46.93000030517578,762802519.268626
NVR,5745.25,134992378.73759764
NVS,150.05999755859375,199811310.94804382
NVST,24.360000610351562,81047149.16930541
NVT,168.6699981689453,351247725.59518206
NVTS,19.88010025024414,713576938.8390179
NWG,15.199999809265137,57961088.74420667
NWSA,26.68000030517578,111238331.79942703
NXE,11.885000228881836,72476982.98208523
NXPI,297.79998779296875,1136208001.2453766
NXST,197.89999389648438,64451253.5854065
NXT,139.6300048828125,237266870.72156984
NYT,77.37999725341797,175105291.32125932
O,62.3650016784668,335857441.90362376
OC,118.52999877929688,147810246.17243654
ODFL,191.36000061035156,419977829.9311142
OGE,47.220001220703125,73311962.73812103
OGN,13.3149995803833,208415846.03462377
OHI,47.90999984741211,100455686.76292591
OKE,87.66000366210938,358274400.6898621
OKLO,70.50499725341797,1139218704.6146636
OKTA,78.55999755859375,235776770.6591797
OLED,93.22000122070312,103198232.11946258
OLLI,75.05999755859375,110503459.75749055
OLN,27.77750015258789,57843447.36974716
OMC,75.37999725341797,340742710.85429764
OMF,52.01499938964844,61498635.75047302
ON,111.6500015258789,1298758825.1275983
ONB,23.920000076293945,73742136.9988986
ONC,311.5,64620549.43511353
ONDS,8.6850004196167,513233482.92937547
ONON,34.34000015258789,192684961.22207642
ONTO,274.8599853515625,281611358.2958679
OPCH,19.6200008392334,88636323.49549103
ORA,131.13499450683594,108586498.81448898
ORCL,185.25,5018503746.717914
ORCL-PD,55.279998779296875,93160476.49618492
ORI,39.29999923706055,59537884.92230797
ORKA,63.560001373291016,160436025.36858368
ORLY,92.01000213623047,499218164.96297264
OSCR,22.989999771118164,136614388.1468996
OSIS,220.22000122070312,88764566.81173095
OSK,130.03500366210938,93230950.47479706
OTIS,73.94999694824219,314015205.66162795
OUST,28.770000457763672,91258329.03934173
OVV,57.2599983215332,225744211.8338461
OWL,9.425000190734863,316601105.11232704
OXY,55.779998779296875,696277320.0699135
OZK,47.17499923706055,56259812.6418642
P,81.70999908447266,213824249.3833893
PAA,21.829999923706055,72271698.48290186
PAAS,62.314998626708984,274333993.8769798
PAG,168.2050018310547,50450224.24191513
PANW,216.39999389648438,1209367994.5613403
PARR,61.875,86104389.10547638
PATH,9.430000305175781,267888630.91510314
PATK,94.38500213623047,62028746.18404846
PAYC,137.4499969482422,122751468.60036545
PAYX,90.61000061035156,279752549.4696304
PB,67.55000305175781,58324812.06142731
PBF,42.29999923706055,141788265.23176917
PBI,15.244999885559082,65323352.23928809
PBM,5.260000228881836,64142232.84924412
PBR,20.16860008239746,392746284.6960001
PBR-A,18.299999237060547,164197113.90138626
PCAR,112.9000015258789,335141576.16435015
PCG,16.653499603271484,347054840.8264885
PCOR,45.880001068115234,143532068.16043377
PCTY,106.58000183105469,83926952.71074447
PCVX,54.224998474121094,79108496.58732109
PDD,97.81999969482422,637971333.3787254
PEG,77.8499984741211,217362833.60463715
PEGA,32.93000030517578,91322846.5984436
PEN,322.739990234375,161410856.8069214
PENG,49.10499954223633,94157820.85814723
PENN,15.579999923706055,71768714.31941739
PEP,153.03750610351562,883007634.664209
PFE,26.03499984741211,926324472.7875029
PFG,100.62999725341797,123812030.32649994
PFGC,95.04499816894531,190340256.4845047
PG,144.50999450683594,1242119259.3302987
PGR,199.30999755859375,477135747.20162964
PGY,12.778900146484375,56583513.21084289
PH,883.7000122070312,698790242.2200623
PHM,113.79000091552734,224606400.75620994
PHYS,35.38999938964844,109478886.80574647
PI,148.85000610351562,79101822.57862091
PII,63.97999954223633,94337221.66546555
PINS,19.530000686645508,369645404.1659584
PIPR,79.29000091552734,53764351.83996506
PJT,152.12750244140625,59655867.80715637
PKG,222.63999938964844,183980685.78298187
PL,39.56999969482422,368995227.01539075
PLD,143.69000244140625,459345686.54349977
PLNT,48.85150146484375,174665480.2361374
PLTR,132.55999755859375,6089631369.318872
PLXS,264.93499755859375,84748780.94639587
PM,189.0399932861328,811634865.4983902
PNC,214.8000030517578,381326456.59599763
PNFP,96.06999969482422,130689113.94085388
PNR,74.62999725341797,178402877.62007865
PNW,99.26000213623047,117436042.41986808
PODD,157.01499938964844,252838563.39688873
POET,13.550100326538086,618504447.9913712
POOL,183.37860107421875,189437520.94306946
POR,48.13999938964844,62422396.10345535
POST,103.05500030517578,81026539.67338562
POWI,71.0,91550086.0098114
POWL,298.82501220703125,192587602.0494995
PPG,107.125,217926946.29895172
PPL,36.0,321708214.9082596
PR,20.020000457763672,274205287.8270489
PRAX,352.0,132085318.23557739
PRI,272.2550048828125,53693246.36185913
PRIM,113.44000244140625,268950066.6721832
PRMB,23.385000228881836,93860123.78515959
PRU,102.55000305175781,233107682.52711868
PSA,308.8550109863281,287429887.58947754
PSIX,41.12009811401367,52823509.892251395
PSKY,10.539999961853027,100062850.83661981
PSLV,28.149999618530273,202120422.81622162
PSN,51.29999923706055,69234934.84436455
PSX,175.0301055908203,419766519.2052399
PTC,140.57000732421875,187832333.43120423
PTCT,74.59500122070312,108969502.11575623
PTEN,12.029999732971191,99547312.02156377
PTGX,99.4800033569336,60492805.34600258
PTON,5.175000190734863,70287628.6752421
PUMP,16.290000915527344,83600757.26546612
PVH,80.55000305175781,92520682.30628967
PWR,759.6199951171875,806258062.2521728
PYPL,44.70500183105469,704999951.4333642
Q,161.1750030517578,261944211.52510452
QBTS,20.895000457763672,660593796.2296906
QCOM,208.53500366210938,4859946377.540436
QGEN,33.5,78609684.59360504
QLYS,88.19000244140625,75601861.7912445
QQQ,705.030029296875,25530063119.691944
QRVO,91.48999786376953,94087670.90073852
QS,8.255000114440918,200574940.71192265
QSR,78.97000122070312,277067274.8484009
QTWO,45.61000061035156,51619874.28911285
QUBT,11.140199661254883,225941729.08173007
QXO,17.100000381469727,381810737.8182578
R,228.44000244140625,111833415.60285035
RACE,326.4150085449219,192521272.17897645
RAL,59.689998626708984,77987774.08888817
RBA,102.2699966430664,110646284.40154228
RBC,614.4500122070312,112847605.94474792
RBLX,40.5099983215332,653895807.4965017
RBRK,58.47999954223633,160155898.82965413
RCAT,9.244999885559082,115098726.92980337
RCL,259.18499755859375,746307881.3759034
RDDT,150.38999938964844,825167548.3950409
RDNT,54.11000061035156,56041908.13135147
RDW,10.969900131225586,295064545.6567038
REG,77.30500030517578,119445832.01504096
REGN,730.2899780273438,546695494.5234588
RELX,31.75,87907080.1141777
RELY,23.8799991607666,102843528.53025627
REXR,35.400001525878906,78668390.87727089
RF,27.03499984741211,257096829.8966833
RGA,209.38999938964844,74783028.04696044
RGEN,112.02999877929688,139150439.59198457
RGLD,241.4600067138672,188438453.74588165
RGTI,18.1200008392334,547160544.908098
RH,129.27999877929688,110714816.50370789
RHI,24.950000762939453,70428163.30952072
RHP,107.98999786376953,63772796.10512352
RIG,6.545000076293945,225283934.68427324
RIO,110.86000061035156,236786882.04013595
RIOT,24.260000228881836,400800061.96246463
RITM,9.484999656677246,50636601.40685115
RIVN,14.0600004196167,410925340.89868665
RJF,153.50999450683594,213310065.231752
RKLB,118.80999755859375,2439615096.1615677
RKT,14.207300186157227,347823158.8869065
RL,332.9800109863281,183379854.41659087
RMBS,128.99000549316406,361542057.40677416
RMD,202.47999572753906,294398822.0116806
RNG,39.400001525878906,81837440.04138108
RNR,296.2850036621094,98700956.71577759
ROAD,122.86000061035156,71254429.80240555
ROIV,29.040000915527344,143582462.37299958
ROK,453.1499938964844,327636642.9440811
ROKU,125.51000213623047,337887377.95143205
ROL,53.22999954223633,144115175.875597
ROP,314.3074951171875,397833863.034375
ROST,216.625,484509270.2348297
RPM,98.92500305175781,82450863.18380204
RPRX,51.900001525878906,164367230.14151877
RRC,40.709999084472656,138119699.22753602
RRR,52.779998779296875,55631414.17396164
RRX,206.23500061035156,257978658.0963501
RS,363.7724914550781,115608675.60040283
RSG,201.9550018310547,345872094.87796324
RSI,26.844999313354492,60084253.16281328
RTX,176.27499389648438,1032135538.7551972
RUN,14.0,113978961.82716465
RVMD,146.06500244140625,458346880.71636355
RVTY,98.69999694824219,134946178.58519593
RXT,5.949999809265137,121226637.71524176
RY,181.8300018310547,296957104.0263573
RYAAY,55.834999084472656,87952058.74225426
RYAN,31.5,94895245.20466118
RYTM,93.04499816894531,65633766.234040834
S,15.609999656677246,98093794.55885191
SAIA,437.5199890136719,198557501.66926575
SAM,180.75,56255445.204711914
SAN,11.864999771118164,82487130.94939928
SANM,236.55999755859375,226679744.3742218
SAP,159.83999633789062,667512467.4734116
SARO,26.329999923706055,112411698.49082899
SATL,7.599999904632568,59185329.54636991
SATS,134.60000610351562,584405854.3884048
SBAC,202.9340057373047,188413373.42156142
SBET,7.074999809265137,54922202.86013484
SBSW,13.194999694824219,57866249.219717026
SBUX,107.08499908447266,749865844.0553646
SCCO,189.17999267578125,244136944.53838578
SCHW,90.54000091552734,1013531882.7748291
SCI,77.72000122070312,113732229.29881287
SCO,6.235000133514404,389962216.7872594
SE,95.70500183105469,389852301.7291031
SEDG,40.209999084472656,146815284.91960144
SEI,74.70999908447266,162033794.4568165
SEIC,91.80999755859375,93497472.47553253
SEZL,95.0,68091950.21309662
SF,74.09500122070312,110165699.73363495
SFM,90.23999786376953,172610954.98477554
SGHC,12.680000305175781,50780105.26697598
SGI,64.58499908447266,218020751.46391678
SGML,19.350000381469727,74180525.7960064
SGOL,44.50320053100586,100664690.77807865
SHAK,65.12999725341797,186447955.03195572
SHC,15.675000190734863,55195421.55366583
SHEL,84.97000122070312,735080966.4904473
SHOP,96.05999755859375,1304307229.3157303
SHW,309.5,549412402.8311523
SIG,77.0,65865243.08615265
SIMO,257.8399963378906,250176913.56562346
SIRI,26.229999542236328,170022423.8977558
SITE,118.5199966430664,115185427.66026306
SITM,811.3800048828125,293777314.26071167
SIVR,82.49500274658203,129849637.34223175
SJM,101.05999755859375,171813765.0401825
SKM,39.51689910888672,78584422.51258889
SLAB,216.7899932861328,90344176.81226043
SLB,55.0,723788122.0320625
SLG,43.040000915527344,55130553.58782234
SLM,21.5,73101971.8268322
SLNO,52.939998626708984,102332650.04910278
SLV,78.52999877929688,1550409721.205516
SM,30.65999984741211,119750113.17230701
SMCI,32.45500183105469,1133040778.075333
SMG,58.954200744628906,63957587.731220245
SMMT,18.78499984741211,109274774.72501278
SMR,11.789999961853027,476718688.42185116
SMTC,137.0,282724624.5352036
SN,106.92500305175781,167124666.15392455
SNA,370.135009765625,156621522.25610963
SNAP,5.389900207519531,277545484.6495905
SNDK,1443.989990234375,18386737534.304737
SNEX,115.37999725341797,67299736.0210804
SNOW,147.47000122070312,960305292.1213028
SNPS,507.6499938964844,772606155.2863693
SNX,234.47500610351562,151924357.19300383
SNY,42.869998931884766,117834426.73936291
SO,92.81500244140625,442512706.7193619
SOFI,15.364999771118164,1137780246.6706038
SOLS,87.36000061035156,177861415.70716858
SOLV,74.7249984741211,92796902.44572449
SON,50.02000045776367,81358388.6411213
SONY,22.95989990234375,147849353.24512482
SOUN,7.90500020980835,293043055.7592696
SPG,204.5,242298574.57791138
SPGI,411.42498779296875,734524030.6251647
SPHR,131.63999938964844,92739242.97026749
SPOT,428.7900085449219,1061285068.5097443
SPXC,199.7100067138672,116739962.08334732
SPY,736.4199829101562,33748080480.059357
SQM,91.37999725341797,109882363.64310074
SRAD,12.260000228881836,79450977.18207502
SRE,92.93000030517578,310979807.51321334
SRPT,18.809999465942383,59077349.8182477
SRRK,49.48500061035156,59250280.11948776
SSB,93.23999786376953,82331454.32544518
SSD,184.4199981689453,63317587.688452914
SSNC,65.68000030517578,170411625.4639
SSRM,34.900001525878906,92028782.99495506
ST,46.20000076293945,91480023.37449093
STE,210.1925048828125,154155919.71082458
STLA,7.360000133514404,129193184.7354904
STLD,235.0399932861328,257610377.87021485
STM,60.68000030517578,653728433.8813766
STNE,10.045000076293945,64593455.585830405
STNG,81.56500244140625,91588451.06980744
STRC,100.00250244140625,248250964.3157486
STRL,841.719970703125,427346900.96469116
STT,151.0500030517578,317593793.84612197
STX,800.5800170898438,3213944969.5602875
STZ,143.4600067138672,250746210.24844742
SU,66.25,213922922.74137878
SUI,124.6050033569336,99732459.11659165
SUNB,74.50499725341797,174370261.22800523
SW,41.13999938964844,216834786.90647584
SWK,77.7750015258789,180231042.61938095
SWKS,68.08499908447266,282607445.97998923
SXI,252.07000732421875,55384561.37120056
SXT,115.86000061035156,61049798.05552139
SYF,70.16999816894531,303877622.7319466
SYK,295.9129943847656,725176046.9763076
SYM,48.5,94555644.41574402
SYNA,121.06999969482422,97280287.25038567
SYRE,73.75,85209936.5069809
SYY,73.58000183105469,312619475.7729538
T,25.500099182128906,877741459.8090954
TAP,41.599998474121094,144711446.60042953
TCOM,52.27000045776367,139960530.91262323
TD,107.97000122070312,179660119.3087799
TDC,32.099998474121094,65177522.36914291
TDG,1178.199951171875,480328780.9375366
TDW,81.78500366210938,71403650.71203308
TDY,626.0449829101562,214955545.7340973
TE,5.414999961853027,80864170.4214993
TEAM,81.19000244140625,772949016.9128463
TECH,46.54999923706055,143470617.1224657
TECK,66.6449966430664,181311129.7028328
TEL,214.6199951171875,675832208.7475525
TEM,45.404998779296875,312654262.9070641
TENB,21.049999237060547,67189539.45808525
TER,354.29998779296875,1388072407.2210083
TERN,52.95000076293945,190192403.82217216
TEVA,35.59000015258789,244394341.5716648
TEX,62.82500076293945,76363799.59299755
TFC,47.63999938964844,345952822.9806328
TFX,129.61000061035156,134614370.16721344
TGT,120.23999786376953,590303685.2045288
TGTX,42.275001525878906,91401859.85832939
THC,195.65499877929688,296363065.97664183
TIGO,80.08000183105469,105431525.95587769
TJX,149.7449951171875,653323202.1066406
TKO,185.10499572753906,248515391.8413391
TKR,117.33999633789062,95928800.7842453
TLN,348.9200134277344,229394107.10299835
TLRY,5.335000038146973,52807514.8417141
TM,186.0050048828125,92159312.1580719
TMDX,61.41999816894531,141167071.66386262
TME,8.777899742126465,80957070.05481696
TMHC,57.88999938964844,71363401.75628586
TMO,457.385009765625,1096150451.1971924
TMUS,195.4824981689453,1152580064.7723289
TNGX,23.209999084472656,66426603.34467049
TNL,63.29999923706055,70195106.51309872
TOL,133.53500366210938,125165239.13993835
TOST,22.59000015258789,297897677.379372
TPG,42.84400177001953,113899213.77605096
TPH,46.97999954223633,81637655.16082287
TPL,382.8500061035156,147940057.0567398
TPR,132.0800018310547,314062529.1112633
TREX,38.244998931884766,79576285.9979372
TRGP,252.68499755859375,285211355.573703
TRI,83.09500122070312,182424753.91144866
TRMB,55.7599983215332,122263406.10762024
TROW,102.15499877929688,205621276.95422363
TRP,66.56999969482422,148899580.61891443
TRU,67.80999755859375,155985992.5323944
TRV,299.489990234375,410466783.56833494
TS,63.369998931884766,110252929.76089191
TSCO,30.15999984741211,479050897.90834844
TSEM,259.3500061035156,513266083.01315916
TSLA,432.17498779296875,23634830122.470825
TSM,393.1400146484375,5691461809.772833
TSN,67.37000274658203,180737544.82478255
TT,469.19000244140625,624332840.1510742
TTAN,55.275001525878906,62013624.02593231
TTC,93.97250366210938,57379889.84498291
TTD,20.0,436641280.1807766
TTE,91.08999633789062,126170628.30992584
TTEK,27.8700008392334,92404341.4381259
TTMI,165.50999450683594,342251546.1575081
TTWO,224.10000610351562,310262401.98954314
TU,12.574999809265137,59741261.41422763
TVTX,43.16999816894531,104800653.28292389
TW,108.05999755859375,156687411.33641815
TWLO,190.4149932861328,481812440.840593
TWST,54.70500183105469,83089543.77118072
TXG,20.655000686645508,59292786.51850176
TXN,306.1499938964844,2367048756.82283
TXNM,59.279998779296875,80234603.672892
TXRH,180.6750030517578,205589462.81268921
TXT,90.05000305175781,125321664.66295394
TYL,302.0,200548603.77677613
U,25.875,298205392.9851799
UAL,94.20999908447266,632045903.4097588
UAMY,9.869999885559082,151398366.94529033
UBER,74.33999633789062,1229511911.7566192
UBS,45.81999969482422,104565396.70324822
UCO,48.77000045776367,236239528.92594948
UCTT,81.5999984741211,81275759.21411514
UDR,37.220001220703125,124164388.3293724
UEC,15.020000457763672,131279056.77801971
UGI,32.619998931884766,66545643.35322647
UGL,60.34000015258789,115082052.39624748
UHS,172.74000549316406,155928470.8901207
UI,676.3099975585938,111137276.27269593
UL,58.119998931884766,236322758.00296497
ULS,96.0199966430664,62035867.607917026
ULTA,496.3999938964844,347976686.49173737
UMAC,13.899999618530273,53061520.145812415
UMBF,128.47500610351562,94437000.46541443
UMC,16.024999618530273,203824011.23894262
UNG,11.121500015258789,104612466.28023386
UNH,395.45001220703125,2916425028.2681
UNM,81.0999984741211,109632603.3852913
UNP,268.20001220703125,770822173.9367218
UPS,98.88600158691406,626002856.5496429
UPST,26.34000015258789,143702906.80242252
UPWK,8.295000076293945,51301596.25095816
URBN,66.08000183105469,75326704.94919434
URI,950.530029296875,546506839.3785889
USAR,24.645000457763672,488260756.4601938
USB,54.0099983215332,466317130.3466276
USFD,84.26000213623047,206711478.20417443
USO,143.61500549316406,1771340474.029113
UTHR,584.1799926757812,240442942.32644653
UUUU,20.0049991607666,230992446.33056945
V,324.6700134277344,2304867310.047269
VAL,97.41000366210938,86331363.82693633
VALE,16.94499969482422,388994483.4969921
VC,116.23999786376953,78290807.46605186
VCX,257.5,61627137.79613495
VECO,60.959999084472656,97753991.24761543
VEEV,156.7100067138672,703184819.9817482
VFC,17.299999237060547,122747347.19949016
VG,13.489999771118164,256924130.2781825
VGNT,43.91999816894531,57871835.827272795
VIAV,52.34000015258789,324490536.3467032
VICI,28.459999084472656,219336963.5780178
VICR,289.0799865722656,259373312.73255157
VIK,80.81999969482422,218413945.98165625
VIRT,51.314998626708984,63684630.52011871
VISN,11.609999656677246,104165186.95347461
VIST,69.27999877929688,91347231.7650055
VKTX,31.34000015258789,72831449.40333767
VLO,245.99000549316406,715196163.6662582
VLTO,85.98999786376953,168273461.52943763
VLY,13.119999885559082,79359027.72230062
VMC,278.67999267578125,270719907.433905
VMI,510.1000061035156,113190575.82899323
VNET,11.613100051879883,59034295.90775995
VNO,30.780000686645508,54424769.50073862
VNOM,47.95000076293945,74522726.27307415
VNT,29.405000686645508,53617135.88635798
VOD,15.444999694824219,70230164.98314324
VOYA,80.80000305175781,116284204.0448349
VRDN,16.860000610351562,54500613.9677557
VRNS,26.860000610351562,72823897.0049595
VRSK,164.0500030517578,333334453.13684005
VRSN,286.57000732421875,222927900.06130677
VRT,363.4800109863281,1859440243.7415192
VRTX,454.510009765625,450788661.5529358
VSAT,70.02999877929688,91303033.77530594
VSCO,45.39500045776367,86144313.36024113
VSEC,176.5800018310547,100598343.07958832
VSH,35.47999954223633,123101259.6124094
VSNT,40.150001525878906,72104489.06436539
VST,141.61000061035156,695554614.0255989
VTR,88.9749984741211,431769056.3744968
VTRS,17.174999237060547,206149409.45309868
VVV,32.7400016784668,88374926.28796673
VZ,48.18000030517578,1031105903.5934299
W,59.59000015258789,286965990.96888065
WAB,269.125,234463560.05013427
WAL,76.76000213623047,84359933.53626251
WAT,347.7449951171875,372244393.22838134
WAY,18.899999618530273,61897741.50875187
WBD,27.155000686645508,449652370.1419131
WBS,71.6500015258789,168446678.00996932
WCC,357.21551513671875,222062868.64522704
WCN,149.82000732421875,256237329.3988617
WDAY,115.33000183105469,556562558.5634811
WDC,484.9100036621094,3361335104.605545
WEC,112.06999969482422,201005225.51315346
WELL,217.4250030517578,578654557.5636406
WEN,8.114999771118164,81651956.39291516
WES,44.81999969482422,74639965.60219689
WEX,133.0,104765010.00722046
WFC,74.43499755859375,1338644522.0387757
WFRD,108.16000366210938,136691476.76078185
WGS,39.25,78832570.10567322
WH,81.52999877929688,99309465.98812103
WHR,40.95500183105469,166349221.8589615
WING,120.95999908447266,236504488.76775017
WIX,51.975399017333984,114844255.59931202
WK,43.94499969482422,68873700.90563163
WLK,96.71499633789062,121019430.879776
WM,215.96249389648438,430863524.93923646
WMB,74.61000061035156,433618434.7201538
WMG,33.04999923706055,75112326.15559883
WMS,137.75,125398627.41026306
WMT,132.2899932861328,2038776132.9350014
WOLF,67.78990173339844,279168346.13124543
WPC,74.5999984741211,88802780.91241989
WPM,140.10499572753906,302226994.2044304
WRB,66.73999786376953,133061394.80717659
WRBY,26.850000381469727,65842981.017057136
WSC,26.625,83174112.10002823
WSM,172.2899932861328,184541911.33187637
WSO,413.6000061035156,200164665.04286194
WST,307.55999755859375,307327982.4160248
WT,18.739999771118164,57579112.08099909
WTFC,147.41000366210938,68386839.0713623
WTRG,37.7150993347168,90225906.44325809
WTS,301.7900085449219,93428559.98221588
WTW,249.72999572753906,227751045.16157913
WU,8.614999771118164,85996113.23073702
WULF,22.68000030517578,669854204.7099968
WWD,362.625,317221049.91363525
WY,23.350000381469727,122973087.15932608
WYNN,95.8499984741211,152346803.67141038
XEL,79.30000305175781,410783129.0414238
XMTR,84.16999816894531,55133699.42365265
XNDU,13.899999618530273,174354992.3612005
XOM,151.05999755859375,2412967343.5892153
XP,18.065000534057617,73212964.01715526
XPEV,16.110000610351562,102459773.24190521
XPO,195.4600067138672,276726612.9877121
XRAY,10.84000015258789,50945172.06908627
XYL,110.79000091552734,283479579.4189728
XYZ,69.14800262451172,376164389.4129742
YETI,39.20000076293945,53321388.514694214
YOU,55.709999084472656,91042832.71324654
YPF,43.95000076293945,78081706.51397839
YSS,30.969999313354492,81266372.1968501
YUM,152.1999969482422,267738670.8104225
YUMC,47.41999816894531,60575099.29888077
Z,38.33000183105469,132458350.11875534
ZBH,82.66000366210938,221631060.3493042
ZBRA,238.4499969482422,198423063.10576248
ZETA,15.789999961853027,148521519.37025356
ZION,60.400001525878906,93005513.67341729
ZM,103.08999633789062,441616410.58591616
ZS,143.52999877929688,332296011.70928496
ZSL,15.739999771118164,143260142.17399892
ZTS,77.02999877929688,673712129.9123337
ZWS,49.6349983215332,67684263.31556205
